Component-value,Component-alias,Demographic-value,Demographic-alias,Month (abbv)-value,Month (abbv)-alias,SUM(Encounter Count)-alias,ATTR(Demographic (copy))-alias,Citizenship Grouping,Title of Authority
Office of Field Operations,Office of Field Operations,%all%,%all%,%all%,%all%,84209,%many-values%,all,all
Office of Field Operations,Office of Field Operations,%all%,%all%,DEC,DEC,30306,%many-values%,all,all
Office of Field Operations,Office of Field Operations,%all%,%all%,NOV,NOV,27500,%many-values%,all,all
Office of Field Operations,Office of Field Operations,%all%,%all%,OCT,OCT,26403,%many-values%,all,all
Office of Field Operations,Office of Field Operations,Accompanied Minors,Accompanied Minors,%all%,%all%,768,Accompanied Minors,all,all
Office of Field Operations,Office of Field Operations,Accompanied Minors,Accompanied Minors,DEC,DEC,293,Accompanied Minors,all,all
Office of Field Operations,Office of Field Operations,Accompanied Minors,Accompanied Minors,NOV,NOV,226,Accompanied Minors,all,all
Office of Field Operations,Office of Field Operations,Accompanied Minors,Accompanied Minors,OCT,OCT,249,Accompanied Minors,all,all
Office of Field Operations,Office of Field Operations,UC / Single Minors,UC / Single Minors,%all%,%all%,1153,UC / Single Minors,all,all
Office of Field Operations,Office of Field Operations,UC / Single Minors,UC / Single Minors,DEC,DEC,449,UC / Single Minors,all,all
Office of Field Operations,Office of Field Operations,UC / Single Minors,UC / Single Minors,NOV,NOV,340,UC / Single Minors,all,all
Office of Field Operations,Office of Field Operations,UC / Single Minors,UC / Single Minors,OCT,OCT,364,UC / Single Minors,all,all
Office of Field Operations,Office of Field Operations,FMUA,FMUA,%all%,%all%,43260,FMUA,all,all
Office of Field Operations,Office of Field Operations,FMUA,FMUA,DEC,DEC,16477,FMUA,all,all
Office of Field Operations,Office of Field Operations,FMUA,FMUA,NOV,NOV,13643,FMUA,all,all
Office of Field Operations,Office of Field Operations,FMUA,FMUA,OCT,OCT,13140,FMUA,all,all
Office of Field Operations,Office of Field Operations,Single Adults,Single Adults,%all%,%all%,39028,Single Adults,all,all
Office of Field Operations,Office of Field Operations,Single Adults,Single Adults,DEC,DEC,13087,Single Adults,all,all
Office of Field Operations,Office of Field Operations,Single Adults,Single Adults,NOV,NOV,13291,Single Adults,all,all
Office of Field Operations,Office of Field Operations,Single Adults,Single Adults,OCT,OCT,12650,Single Adults,all,all
U.S. Border Patrol,U.S. Border Patrol,%all%,%all%,%all%,%all%,633451,%many-values%,all,all
U.S. Border Patrol,U.S. Border Patrol,%all%,%all%,DEC,DEC,221181,%many-values%,all,all
U.S. Border Patrol,U.S. Border Patrol,%all%,%all%,NOV,NOV,207396,%many-values%,all,all
U.S. Border Patrol,U.S. Border Patrol,%all%,%all%,OCT,OCT,204874,%many-values%,all,all
U.S. Border Patrol,U.S. Border Patrol,UC / Single Minors,UC / Single Minors,%all%,%all%,36299,UC / Single Minors,all,all
U.S. Border Patrol,U.S. Border Patrol,UC / Single Minors,UC / Single Minors,DEC,DEC,11849,UC / Single Minors,all,all
U.S. Border Patrol,U.S. Border Patrol,UC / Single Minors,UC / Single Minors,NOV,NOV,12796,UC / Single Minors,all,all
U.S. Border Patrol,U.S. Border Patrol,UC / Single Minors,UC / Single Minors,OCT,OCT,11654,UC / Single Minors,all,all
U.S. Border Patrol,U.S. Border Patrol,FMUA,FMUA,%all%,%all%,156951,FMUA,all,all
U.S. Border Patrol,U.S. Border Patrol,FMUA,FMUA,DEC,DEC,60611,FMUA,all,all
U.S. Border Patrol,U.S. Border Patrol,FMUA,FMUA,NOV,NOV,49673,FMUA,all,all
U.S. Border Patrol,U.S. Border Patrol,FMUA,FMUA,OCT,OCT,46667,FMUA,all,all
U.S. Border Patrol,U.S. Border Patrol,Single Adults,Single Adults,%all%,%all%,440201,Single Adults,all,all
U.S. Border Patrol,U.S. Border Patrol,Single Adults,Single Adults,DEC,DEC,148721,Single Adults,all,all
U.S. Border Patrol,U.S. Border Patrol,Single Adults,Single Adults,NOV,NOV,144927,Single Adults,all,all
U.S. Border Patrol,U.S. Border Patrol,Single Adults,Single Adults,OCT,OCT,146553,Single Adults,all,all
%all%,%all%,%all%,%all%,%all%,%all%,717660,%many-values%,all,all
%all%,%all%,%all%,%all%,DEC,DEC,251487,%many-values%,all,all
%all%,%all%,%all%,%all%,NOV,NOV,234896,%many-values%,all,all
%all%,%all%,%all%,%all%,OCT,OCT,231277,%many-values%,all,all
Office of Field Operations,Office of Field Operations,%all%,%all%,%all%,%all%,78306,%many-values%,all,Title 8
Office of Field Operations,Office of Field Operations,%all%,%all%,DEC,DEC,28363,%many-values%,all,Title 8
Office of Field Operations,Office of Field Operations,%all%,%all%,NOV,NOV,25615,%many-values%,all,Title 8
Office of Field Operations,Office of Field Operations,%all%,%all%,OCT,OCT,24328,%many-values%,all,Title 8
Office of Field Operations,Office of Field Operations,Accompanied Minors,Accompanied Minors,%all%,%all%,190,Accompanied Minors,all,Title 8
Office of Field Operations,Office of Field Operations,Accompanied Minors,Accompanied Minors,DEC,DEC,70,Accompanied Minors,all,Title 8
Office of Field Operations,Office of Field Operations,Accompanied Minors,Accompanied Minors,NOV,NOV,67,Accompanied Minors,all,Title 8
Office of Field Operations,Office of Field Operations,Accompanied Minors,Accompanied Minors,OCT,OCT,53,Accompanied Minors,all,Title 8
Office of Field Operations,Office of Field Operations,UC / Single Minors,UC / Single Minors,%all%,%all%,1153,UC / Single Minors,all,Title 8
Office of Field Operations,Office of Field Operations,UC / Single Minors,UC / Single Minors,DEC,DEC,449,UC / Single Minors,all,Title 8
Office of Field Operations,Office of Field Operations,UC / Single Minors,UC / Single Minors,NOV,NOV,340,UC / Single Minors,all,Title 8
Office of Field Operations,Office of Field Operations,UC / Single Minors,UC / Single Minors,OCT,OCT,364,UC / Single Minors,all,Title 8
Office of Field Operations,Office of Field Operations,FMUA,FMUA,%all%,%all%,43260,FMUA,all,Title 8
Office of Field Operations,Office of Field Operations,FMUA,FMUA,DEC,DEC,16477,FMUA,all,Title 8
Office of Field Operations,Office of Field Operations,FMUA,FMUA,NOV,NOV,13643,FMUA,all,Title 8
Office of Field Operations,Office of Field Operations,FMUA,FMUA,OCT,OCT,13140,FMUA,all,Title 8
Office of Field Operations,Office of Field Operations,Single Adults,Single Adults,%all%,%all%,33703,Single Adults,all,Title 8
Office of Field Operations,Office of Field Operations,Single Adults,Single Adults,DEC,DEC,11367,Single Adults,all,Title 8
Office of Field Operations,Office of Field Operations,Single Adults,Single Adults,NOV,NOV,11565,Single Adults,all,Title 8
Office of Field Operations,Office of Field Operations,Single Adults,Single Adults,OCT,OCT,10771,Single Adults,all,Title 8
U.S. Border Patrol,U.S. Border Patrol,%all%,%all%,%all%,%all%,441564,%many-values%,all,Title 8
U.S. Border Patrol,U.S. Border Patrol,%all%,%all%,DEC,DEC,173719,%many-values%,all,Title 8
U.S. Border Patrol,U.S. Border Patrol,%all%,%all%,NOV,NOV,140733,%many-values%,all,Title 8
U.S. Border Patrol,U.S. Border Patrol,%all%,%all%,OCT,OCT,127112,%many-values%,all,Title 8
U.S. Border Patrol,U.S. Border Patrol,UC / Single Minors,UC / Single Minors,%all%,%all%,36289,UC / Single Minors,all,Title 8
U.S. Border Patrol,U.S. Border Patrol,UC / Single Minors,UC / Single Minors,DEC,DEC,11845,UC / Single Minors,all,Title 8
U.S. Border Patrol,U.S. Border Patrol,UC / Single Minors,UC / Single Minors,NOV,NOV,12790,UC / Single Minors,all,Title 8
U.S. Border Patrol,U.S. Border Patrol,UC / Single Minors,UC / Single Minors,OCT,OCT,11654,UC / Single Minors,all,Title 8
U.S. Border Patrol,U.S. Border Patrol,FMUA,FMUA,%all%,%all%,134461,FMUA,all,Title 8
U.S. Border Patrol,U.S. Border Patrol,FMUA,FMUA,DEC,DEC,52679,FMUA,all,Title 8
U.S. Border Patrol,U.S. Border Patrol,FMUA,FMUA,NOV,NOV,41876,FMUA,all,Title 8
U.S. Border Patrol,U.S. Border Patrol,FMUA,FMUA,OCT,OCT,39906,FMUA,all,Title 8
U.S. Border Patrol,U.S. Border Patrol,Single Adults,Single Adults,%all%,%all%,270814,Single Adults,all,Title 8
U.S. Border Patrol,U.S. Border Patrol,Single Adults,Single Adults,DEC,DEC,109195,Single Adults,all,Title 8
U.S. Border Patrol,U.S. Border Patrol,Single Adults,Single Adults,NOV,NOV,86067,Single Adults,all,Title 8
U.S. Border Patrol,U.S. Border Patrol,Single Adults,Single Adults,OCT,OCT,75552,Single Adults,all,Title 8
%all%,%all%,%all%,%all%,%all%,%all%,519870,%many-values%,all,Title 8
%all%,%all%,%all%,%all%,DEC,DEC,202082,%many-values%,all,Title 8
%all%,%all%,%all%,%all%,NOV,NOV,166348,%many-values%,all,Title 8
%all%,%all%,%all%,%all%,OCT,OCT,151440,%many-values%,all,Title 8
Office of Field Operations,Office of Field Operations,%all%,%all%,%all%,%all%,5903,%many-values%,all,Title 42
Office of Field Operations,Office of Field Operations,%all%,%all%,DEC,DEC,1943,%many-values%,all,Title 42
Office of Field Operations,Office of Field Operations,%all%,%all%,NOV,NOV,1885,%many-values%,all,Title 42
Office of Field Operations,Office of Field Operations,%all%,%all%,OCT,OCT,2075,%many-values%,all,Title 42
Office of Field Operations,Office of Field Operations,Accompanied Minors,Accompanied Minors,%all%,%all%,578,Accompanied Minors,all,Title 42
Office of Field Operations,Office of Field Operations,Accompanied Minors,Accompanied Minors,DEC,DEC,223,Accompanied Minors,all,Title 42
Office of Field Operations,Office of Field Operations,Accompanied Minors,Accompanied Minors,NOV,NOV,159,Accompanied Minors,all,Title 42
Office of Field Operations,Office of Field Operations,Accompanied Minors,Accompanied Minors,OCT,OCT,196,Accompanied Minors,all,Title 42
Office of Field Operations,Office of Field Operations,Single Adults,Single Adults,%all%,%all%,5325,Single Adults,all,Title 42
Office of Field Operations,Office of Field Operations,Single Adults,Single Adults,DEC,DEC,1720,Single Adults,all,Title 42
Office of Field Operations,Office of Field Operations,Single Adults,Single Adults,NOV,NOV,1726,Single Adults,all,Title 42
Office of Field Operations,Office of Field Operations,Single Adults,Single Adults,OCT,OCT,1879,Single Adults,all,Title 42
U.S. Border Patrol,U.S. Border Patrol,%all%,%all%,%all%,%all%,191887,%many-values%,all,Title 42
U.S. Border Patrol,U.S. Border Patrol,%all%,%all%,DEC,DEC,47462,%many-values%,all,Title 42
U.S. Border Patrol,U.S. Border Patrol,%all%,%all%,NOV,NOV,66663,%many-values%,all,Title 42
U.S. Border Patrol,U.S. Border Patrol,%all%,%all%,OCT,OCT,77762,%many-values%,all,Title 42
U.S. Border Patrol,U.S. Border Patrol,UC / Single Minors,UC / Single Minors,%all%,%all%,10,UC / Single Minors,all,Title 42
U.S. Border Patrol,U.S. Border Patrol,UC / Single Minors,UC / Single Minors,DEC,DEC,4,UC / Single Minors,all,Title 42
U.S. Border Patrol,U.S. Border Patrol,UC / Single Minors,UC / Single Minors,NOV,NOV,6,UC / Single Minors,all,Title 42
U.S. Border Patrol,U.S. Border Patrol,FMUA,FMUA,%all%,%all%,22490,FMUA,all,Title 42
U.S. Border Patrol,U.S. Border Patrol,FMUA,FMUA,DEC,DEC,7932,FMUA,all,Title 42
U.S. Border Patrol,U.S. Border Patrol,FMUA,FMUA,NOV,NOV,7797,FMUA,all,Title 42
U.S. Border Patrol,U.S. Border Patrol,FMUA,FMUA,OCT,OCT,6761,FMUA,all,Title 42
U.S. Border Patrol,U.S. Border Patrol,Single Adults,Single Adults,%all%,%all%,169387,Single Adults,all,Title 42
U.S. Border Patrol,U.S. Border Patrol,Single Adults,Single Adults,DEC,DEC,39526,Single Adults,all,Title 42
U.S. Border Patrol,U.S. Border Patrol,Single Adults,Single Adults,NOV,NOV,58860,Single Adults,all,Title 42
U.S. Border Patrol,U.S. Border Patrol,Single Adults,Single Adults,OCT,OCT,71001,Single Adults,all,Title 42
%all%,%all%,%all%,%all%,%all%,%all%,197790,%many-values%,all,Title 42
%all%,%all%,%all%,%all%,DEC,DEC,49405,%many-values%,all,Title 42
%all%,%all%,%all%,%all%,NOV,NOV,68548,%many-values%,all,Title 42
%all%,%all%,%all%,%all%,OCT,OCT,79837,%many-values%,all,Title 42
Office of Field Operations,Office of Field Operations,%all%,%all%,%all%,%all%,2087,%many-values%,El Salvador,all
Office of Field Operations,Office of Field Operations,%all%,%all%,DEC,DEC,704,%many-values%,El Salvador,all
Office of Field Operations,Office of Field Operations,%all%,%all%,NOV,NOV,687,%many-values%,El Salvador,all
Office of Field Operations,Office of Field Operations,%all%,%all%,OCT,OCT,696,%many-values%,El Salvador,all
Office of Field Operations,Office of Field Operations,Accompanied Minors,Accompanied Minors,%all%,%all%,8,Accompanied Minors,El Salvador,all
Office of Field Operations,Office of Field Operations,Accompanied Minors,Accompanied Minors,DEC,DEC,2,Accompanied Minors,El Salvador,all
Office of Field Operations,Office of Field Operations,Accompanied Minors,Accompanied Minors,NOV,NOV,3,Accompanied Minors,El Salvador,all
Office of Field Operations,Office of Field Operations,Accompanied Minors,Accompanied Minors,OCT,OCT,3,Accompanied Minors,El Salvador,all
Office of Field Operations,Office of Field Operations,UC / Single Minors,UC / Single Minors,%all%,%all%,36,UC / Single Minors,El Salvador,all
Office of Field Operations,Office of Field Operations,UC / Single Minors,UC / Single Minors,DEC,DEC,15,UC / Single Minors,El Salvador,all
Office of Field Operations,Office of Field Operations,UC / Single Minors,UC / Single Minors,NOV,NOV,8,UC / Single Minors,El Salvador,all
Office of Field Operations,Office of Field Operations,UC / Single Minors,UC / Single Minors,OCT,OCT,13,UC / Single Minors,El Salvador,all
Office of Field Operations,Office of Field Operations,FMUA,FMUA,%all%,%all%,1266,FMUA,El Salvador,all
Office of Field Operations,Office of Field Operations,FMUA,FMUA,DEC,DEC,440,FMUA,El Salvador,all
Office of Field Operations,Office of Field Operations,FMUA,FMUA,NOV,NOV,406,FMUA,El Salvador,all
Office of Field Operations,Office of Field Operations,FMUA,FMUA,OCT,OCT,420,FMUA,El Salvador,all
Office of Field Operations,Office of Field Operations,Single Adults,Single Adults,%all%,%all%,777,Single Adults,El Salvador,all
Office of Field Operations,Office of Field Operations,Single Adults,Single Adults,DEC,DEC,247,Single Adults,El Salvador,all
Office of Field Operations,Office of Field Operations,Single Adults,Single Adults,NOV,NOV,270,Single Adults,El Salvador,all
Office of Field Operations,Office of Field Operations,Single Adults,Single Adults,OCT,OCT,260,Single Adults,El Salvador,all
U.S. Border Patrol,U.S. Border Patrol,%all%,%all%,%all%,%all%,14346,%many-values%,El Salvador,all
U.S. Border Patrol,U.S. Border Patrol,%all%,%all%,DEC,DEC,4128,%many-values%,El Salvador,all
U.S. Border Patrol,U.S. Border Patrol,%all%,%all%,NOV,NOV,4848,%many-values%,El Salvador,all
U.S. Border Patrol,U.S. Border Patrol,%all%,%all%,OCT,OCT,5370,%many-values%,El Salvador,all
U.S. Border Patrol,U.S. Border Patrol,UC / Single Minors,UC / Single Minors,%all%,%all%,3122,UC / Single Minors,El Salvador,all
U.S. Border Patrol,U.S. Border Patrol,UC / Single Minors,UC / Single Minors,DEC,DEC,886,UC / Single Minors,El Salvador,all
U.S. Border Patrol,U.S. Border Patrol,UC / Single Minors,UC / Single Minors,NOV,NOV,1154,UC / Single Minors,El Salvador,all
U.S. Border Patrol,U.S. Border Patrol,UC / Single Minors,UC / Single Minors,OCT,OCT,1082,UC / Single Minors,El Salvador,all
U.S. Border Patrol,U.S. Border Patrol,FMUA,FMUA,%all%,%all%,3108,FMUA,El Salvador,all
U.S. Border Patrol,U.S. Border Patrol,FMUA,FMUA,DEC,DEC,932,FMUA,El Salvador,all
U.S. Border Patrol,U.S. Border Patrol,FMUA,FMUA,NOV,NOV,1015,FMUA,El Salvador,all
U.S. Border Patrol,U.S. Border Patrol,FMUA,FMUA,OCT,OCT,1161,FMUA,El Salvador,all
U.S. Border Patrol,U.S. Border Patrol,Single Adults,Single Adults,%all%,%all%,8116,Single Adults,El Salvador,all
U.S. Border Patrol,U.S. Border Patrol,Single Adults,Single Adults,DEC,DEC,2310,Single Adults,El Salvador,all
U.S. Border Patrol,U.S. Border Patrol,Single Adults,Single Adults,NOV,NOV,2679,Single Adults,El Salvador,all
U.S. Border Patrol,U.S. Border Patrol,Single Adults,Single Adults,OCT,OCT,3127,Single Adults,El Salvador,all
%all%,%all%,%all%,%all%,%all%,%all%,16433,%many-values%,El Salvador,all
%all%,%all%,%all%,%all%,DEC,DEC,4832,%many-values%,El Salvador,all
%all%,%all%,%all%,%all%,NOV,NOV,5535,%many-values%,El Salvador,all
%all%,%all%,%all%,%all%,OCT,OCT,6066,%many-values%,El Salvador,all
Office of Field Operations,Office of Field Operations,%all%,%all%,%all%,%all%,2043,%many-values%,El Salvador,Title 8
Office of Field Operations,Office of Field Operations,%all%,%all%,DEC,DEC,691,%many-values%,El Salvador,Title 8
Office of Field Operations,Office of Field Operations,%all%,%all%,NOV,NOV,674,%many-values%,El Salvador,Title 8
Office of Field Operations,Office of Field Operations,%all%,%all%,OCT,OCT,678,%many-values%,El Salvador,Title 8
Office of Field Operations,Office of Field Operations,Accompanied Minors,Accompanied Minors,%all%,%all%,1,Accompanied Minors,El Salvador,Title 8
Office of Field Operations,Office of Field Operations,Accompanied Minors,Accompanied Minors,NOV,NOV,1,Accompanied Minors,El Salvador,Title 8
Office of Field Operations,Office of Field Operations,UC / Single Minors,UC / Single Minors,%all%,%all%,36,UC / Single Minors,El Salvador,Title 8
Office of Field Operations,Office of Field Operations,UC / Single Minors,UC / Single Minors,DEC,DEC,15,UC / Single Minors,El Salvador,Title 8
Office of Field Operations,Office of Field Operations,UC / Single Minors,UC / Single Minors,NOV,NOV,8,UC / Single Minors,El Salvador,Title 8
Office of Field Operations,Office of Field Operations,UC / Single Minors,UC / Single Minors,OCT,OCT,13,UC / Single Minors,El Salvador,Title 8
Office of Field Operations,Office of Field Operations,FMUA,FMUA,%all%,%all%,1266,FMUA,El Salvador,Title 8
Office of Field Operations,Office of Field Operations,FMUA,FMUA,DEC,DEC,440,FMUA,El Salvador,Title 8
Office of Field Operations,Office of Field Operations,FMUA,FMUA,NOV,NOV,406,FMUA,El Salvador,Title 8
Office of Field Operations,Office of Field Operations,FMUA,FMUA,OCT,OCT,420,FMUA,El Salvador,Title 8
Office of Field Operations,Office of Field Operations,Single Adults,Single Adults,%all%,%all%,740,Single Adults,El Salvador,Title 8
Office of Field Operations,Office of Field Operations,Single Adults,Single Adults,DEC,DEC,236,Single Adults,El Salvador,Title 8
Office of Field Operations,Office of Field Operations,Single Adults,Single Adults,NOV,NOV,259,Single Adults,El Salvador,Title 8
Office of Field Operations,Office of Field Operations,Single Adults,Single Adults,OCT,OCT,245,Single Adults,El Salvador,Title 8
U.S. Border Patrol,U.S. Border Patrol,%all%,%all%,%all%,%all%,6065,%many-values%,El Salvador,Title 8
U.S. Border Patrol,U.S. Border Patrol,%all%,%all%,DEC,DEC,1826,%many-values%,El Salvador,Title 8
U.S. Border Patrol,U.S. Border Patrol,%all%,%all%,NOV,NOV,2135,%many-values%,El Salvador,Title 8
U.S. Border Patrol,U.S. Border Patrol,%all%,%all%,OCT,OCT,2104,%many-values%,El Salvador,Title 8
U.S. Border Patrol,U.S. Border Patrol,UC / Single Minors,UC / Single Minors,%all%,%all%,3120,UC / Single Minors,El Salvador,Title 8
U.S. Border Patrol,U.S. Border Patrol,UC / Single Minors,UC / Single Minors,DEC,DEC,886,UC / Single Minors,El Salvador,Title 8
U.S. Border Patrol,U.S. Border Patrol,UC / Single Minors,UC / Single Minors,NOV,NOV,1152,UC / Single Minors,El Salvador,Title 8
U.S. Border Patrol,U.S. Border Patrol,UC / Single Minors,UC / Single Minors,OCT,OCT,1082,UC / Single Minors,El Salvador,Title 8
U.S. Border Patrol,U.S. Border Patrol,FMUA,FMUA,%all%,%all%,2014,FMUA,El Salvador,Title 8
U.S. Border Patrol,U.S. Border Patrol,FMUA,FMUA,DEC,DEC,600,FMUA,El Salvador,Title 8
U.S. Border Patrol,U.S. Border Patrol,FMUA,FMUA,NOV,NOV,700,FMUA,El Salvador,Title 8
U.S. Border Patrol,U.S. Border Patrol,FMUA,FMUA,OCT,OCT,714,FMUA,El Salvador,Title 8
U.S. Border Patrol,U.S. Border Patrol,Single Adults,Single Adults,%all%,%all%,931,Single Adults,El Salvador,Title 8
U.S. Border Patrol,U.S. Border Patrol,Single Adults,Single Adults,DEC,DEC,340,Single Adults,El Salvador,Title 8
U.S. Border Patrol,U.S. Border Patrol,Single Adults,Single Adults,NOV,NOV,283,Single Adults,El Salvador,Title 8
U.S. Border Patrol,U.S. Border Patrol,Single Adults,Single Adults,OCT,OCT,308,Single Adults,El Salvador,Title 8
%all%,%all%,%all%,%all%,%all%,%all%,8108,%many-values%,El Salvador,Title 8
%all%,%all%,%all%,%all%,DEC,DEC,2517,%many-values%,El Salvador,Title 8
%all%,%all%,%all%,%all%,NOV,NOV,2809,%many-values%,El Salvador,Title 8
%all%,%all%,%all%,%all%,OCT,OCT,2782,%many-values%,El Salvador,Title 8
Office of Field Operations,Office of Field Operations,%all%,%all%,%all%,%all%,44,%many-values%,El Salvador,Title 42
Office of Field Operations,Office of Field Operations,%all%,%all%,DEC,DEC,13,%many-values%,El Salvador,Title 42
Office of Field Operations,Office of Field Operations,%all%,%all%,NOV,NOV,13,%many-values%,El Salvador,Title 42
Office of Field Operations,Office of Field Operations,%all%,%all%,OCT,OCT,18,%many-values%,El Salvador,Title 42
Office of Field Operations,Office of Field Operations,Accompanied Minors,Accompanied Minors,%all%,%all%,7,Accompanied Minors,El Salvador,Title 42
Office of Field Operations,Office of Field Operations,Accompanied Minors,Accompanied Minors,DEC,DEC,2,Accompanied Minors,El Salvador,Title 42
Office of Field Operations,Office of Field Operations,Accompanied Minors,Accompanied Minors,NOV,NOV,2,Accompanied Minors,El Salvador,Title 42
Office of Field Operations,Office of Field Operations,Accompanied Minors,Accompanied Minors,OCT,OCT,3,Accompanied Minors,El Salvador,Title 42
Office of Field Operations,Office of Field Operations,Single Adults,Single Adults,%all%,%all%,37,Single Adults,El Salvador,Title 42
Office of Field Operations,Office of Field Operations,Single Adults,Single Adults,DEC,DEC,11,Single Adults,El Salvador,Title 42
Office of Field Operations,Office of Field Operations,Single Adults,Single Adults,NOV,NOV,11,Single Adults,El Salvador,Title 42
Office of Field Operations,Office of Field Operations,Single Adults,Single Adults,OCT,OCT,15,Single Adults,El Salvador,Title 42
U.S. Border Patrol,U.S. Border Patrol,%all%,%all%,%all%,%all%,8281,%many-values%,El Salvador,Title 42
U.S. Border Patrol,U.S. Border Patrol,%all%,%all%,DEC,DEC,2302,%many-values%,El Salvador,Title 42
U.S. Border Patrol,U.S. Border Patrol,%all%,%all%,NOV,NOV,2713,%many-values%,El Salvador,Title 42
U.S. Border Patrol,U.S. Border Patrol,%all%,%all%,OCT,OCT,3266,%many-values%,El Salvador,Title 42
U.S. Border Patrol,U.S. Border Patrol,UC / Single Minors,UC / Single Minors,%all%,%all%,2,UC / Single Minors,El Salvador,Title 42
U.S. Border Patrol,U.S. Border Patrol,UC / Single Minors,UC / Single Minors,NOV,NOV,2,UC / Single Minors,El Salvador,Title 42
U.S. Border Patrol,U.S. Border Patrol,FMUA,FMUA,%all%,%all%,1094,FMUA,El Salvador,Title 42
U.S. Border Patrol,U.S. Border Patrol,FMUA,FMUA,DEC,DEC,332,FMUA,El Salvador,Title 42
U.S. Border Patrol,U.S. Border Patrol,FMUA,FMUA,NOV,NOV,315,FMUA,El Salvador,Title 42
U.S. Border Patrol,U.S. Border Patrol,FMUA,FMUA,OCT,OCT,447,FMUA,El Salvador,Title 42
U.S. Border Patrol,U.S. Border Patrol,Single Adults,Single Adults,%all%,%all%,7185,Single Adults,El Salvador,Title 42
U.S. Border Patrol,U.S. Border Patrol,Single Adults,Single Adults,DEC,DEC,1970,Single Adults,El Salvador,Title 42
U.S. Border Patrol,U.S. Border Patrol,Single Adults,Single Adults,NOV,NOV,2396,Single Adults,El Salvador,Title 42
U.S. Border Patrol,U.S. Border Patrol,Single Adults,Single Adults,OCT,OCT,2819,Single Adults,El Salvador,Title 42
%all%,%all%,%all%,%all%,%all%,%all%,8325,%many-values%,El Salvador,Title 42
%all%,%all%,%all%,%all%,DEC,DEC,2315,%many-values%,El Salvador,Title 42
%all%,%all%,%all%,%all%,NOV,NOV,2726,%many-values%,El Salvador,Title 42
%all%,%all%,%all%,%all%,OCT,OCT,3284,%many-values%,El Salvador,Title 42
Office of Field Operations,Office of Field Operations,%all%,%all%,%all%,%all%,1777,%many-values%,Guatemala,all
Office of Field Operations,Office of Field Operations,%all%,%all%,DEC,DEC,639,%many-values%,Guatemala,all
Office of Field Operations,Office of Field Operations,%all%,%all%,NOV,NOV,545,%many-values%,Guatemala,all
Office of Field Operations,Office of Field Operations,%all%,%all%,OCT,OCT,593,%many-values%,Guatemala,all
Office of Field Operations,Office of Field Operations,Accompanied Minors,Accompanied Minors,%all%,%all%,6,Accompanied Minors,Guatemala,all
Office of Field Operations,Office of Field Operations,Accompanied Minors,Accompanied Minors,DEC,DEC,2,Accompanied Minors,Guatemala,all
Office of Field Operations,Office of Field Operations,Accompanied Minors,Accompanied Minors,OCT,OCT,4,Accompanied Minors,Guatemala,all
Office of Field Operations,Office of Field Operations,UC / Single Minors,UC / Single Minors,%all%,%all%,116,UC / Single Minors,Guatemala,all
Office of Field Operations,Office of Field Operations,UC / Single Minors,UC / Single Minors,DEC,DEC,50,UC / Single Minors,Guatemala,all
Office of Field Operations,Office of Field Operations,UC / Single Minors,UC / Single Minors,NOV,NOV,27,UC / Single Minors,Guatemala,all
Office of Field Operations,Office of Field Operations,UC / Single Minors,UC / Single Minors,OCT,OCT,39,UC / Single Minors,Guatemala,all
Office of Field Operations,Office of Field Operations,FMUA,FMUA,%all%,%all%,1071,FMUA,Guatemala,all
Office of Field Operations,Office of Field Operations,FMUA,FMUA,DEC,DEC,369,FMUA,Guatemala,all
Office of Field Operations,Office of Field Operations,FMUA,FMUA,NOV,NOV,350,FMUA,Guatemala,all
Office of Field Operations,Office of Field Operations,FMUA,FMUA,OCT,OCT,352,FMUA,Guatemala,all
Office of Field Operations,Office of Field Operations,Single Adults,Single Adults,%all%,%all%,584,Single Adults,Guatemala,all
Office of Field Operations,Office of Field Operations,Single Adults,Single Adults,DEC,DEC,218,Single Adults,Guatemala,all
Office of Field Operations,Office of Field Operations,Single Adults,Single Adults,NOV,NOV,168,Single Adults,Guatemala,all
Office of Field Operations,Office of Field Operations,Single Adults,Single Adults,OCT,OCT,198,Single Adults,Guatemala,all
U.S. Border Patrol,U.S. Border Patrol,%all%,%all%,%all%,%all%,42381,%many-values%,Guatemala,all
U.S. Border Patrol,U.S. Border Patrol,%all%,%all%,DEC,DEC,14157,%many-values%,Guatemala,all
U.S. Border Patrol,U.S. Border Patrol,%all%,%all%,NOV,NOV,13975,%many-values%,Guatemala,all
U.S. Border Patrol,U.S. Border Patrol,%all%,%all%,OCT,OCT,14249,%many-values%,Guatemala,all
U.S. Border Patrol,U.S. Border Patrol,UC / Single Minors,UC / Single Minors,%all%,%all%,14402,UC / Single Minors,Guatemala,all
U.S. Border Patrol,U.S. Border Patrol,UC / Single Minors,UC / Single Minors,DEC,DEC,4811,UC / Single Minors,Guatemala,all
U.S. Border Patrol,U.S. Border Patrol,UC / Single Minors,UC / Single Minors,NOV,NOV,5175,UC / Single Minors,Guatemala,all
U.S. Border Patrol,U.S. Border Patrol,UC / Single Minors,UC / Single Minors,OCT,OCT,4416,UC / Single Minors,Guatemala,all
U.S. Border Patrol,U.S. Border Patrol,FMUA,FMUA,%all%,%all%,4669,FMUA,Guatemala,all
U.S. Border Patrol,U.S. Border Patrol,FMUA,FMUA,DEC,DEC,1816,FMUA,Guatemala,all
U.S. Border Patrol,U.S. Border Patrol,FMUA,FMUA,NOV,NOV,1416,FMUA,Guatemala,all
U.S. Border Patrol,U.S. Border Patrol,FMUA,FMUA,OCT,OCT,1437,FMUA,Guatemala,all
U.S. Border Patrol,U.S. Border Patrol,Single Adults,Single Adults,%all%,%all%,23310,Single Adults,Guatemala,all
U.S. Border Patrol,U.S. Border Patrol,Single Adults,Single Adults,DEC,DEC,7530,Single Adults,Guatemala,all
U.S. Border Patrol,U.S. Border Patrol,Single Adults,Single Adults,NOV,NOV,7384,Single Adults,Guatemala,all
U.S. Border Patrol,U.S. Border Patrol,Single Adults,Single Adults,OCT,OCT,8396,Single Adults,Guatemala,all
%all%,%all%,%all%,%all%,%all%,%all%,44158,%many-values%,Guatemala,all
%all%,%all%,%all%,%all%,DEC,DEC,14796,%many-values%,Guatemala,all
%all%,%all%,%all%,%all%,NOV,NOV,14520,%many-values%,Guatemala,all
%all%,%all%,%all%,%all%,OCT,OCT,14842,%many-values%,Guatemala,all
Office of Field Operations,Office of Field Operations,%all%,%all%,%all%,%all%,1700,%many-values%,Guatemala,Title 8
Office of Field Operations,Office of Field Operations,%all%,%all%,DEC,DEC,603,%many-values%,Guatemala,Title 8
Office of Field Operations,Office of Field Operations,%all%,%all%,NOV,NOV,535,%many-values%,Guatemala,Title 8
Office of Field Operations,Office of Field Operations,%all%,%all%,OCT,OCT,562,%many-values%,Guatemala,Title 8
Office of Field Operations,Office of Field Operations,UC / Single Minors,UC / Single Minors,%all%,%all%,116,UC / Single Minors,Guatemala,Title 8
Office of Field Operations,Office of Field Operations,UC / Single Minors,UC / Single Minors,DEC,DEC,50,UC / Single Minors,Guatemala,Title 8
Office of Field Operations,Office of Field Operations,UC / Single Minors,UC / Single Minors,NOV,NOV,27,UC / Single Minors,Guatemala,Title 8
Office of Field Operations,Office of Field Operations,UC / Single Minors,UC / Single Minors,OCT,OCT,39,UC / Single Minors,Guatemala,Title 8
Office of Field Operations,Office of Field Operations,FMUA,FMUA,%all%,%all%,1071,FMUA,Guatemala,Title 8
Office of Field Operations,Office of Field Operations,FMUA,FMUA,DEC,DEC,369,FMUA,Guatemala,Title 8
Office of Field Operations,Office of Field Operations,FMUA,FMUA,NOV,NOV,350,FMUA,Guatemala,Title 8
Office of Field Operations,Office of Field Operations,FMUA,FMUA,OCT,OCT,352,FMUA,Guatemala,Title 8
Office of Field Operations,Office of Field Operations,Single Adults,Single Adults,%all%,%all%,513,Single Adults,Guatemala,Title 8
Office of Field Operations,Office of Field Operations,Single Adults,Single Adults,DEC,DEC,184,Single Adults,Guatemala,Title 8
Office of Field Operations,Office of Field Operations,Single Adults,Single Adults,NOV,NOV,158,Single Adults,Guatemala,Title 8
Office of Field Operations,Office of Field Operations,Single Adults,Single Adults,OCT,OCT,171,Single Adults,Guatemala,Title 8
U.S. Border Patrol,U.S. Border Patrol,%all%,%all%,%all%,%all%,16908,%many-values%,Guatemala,Title 8
U.S. Border Patrol,U.S. Border Patrol,%all%,%all%,DEC,DEC,5793,%many-values%,Guatemala,Title 8
U.S. Border Patrol,U.S. Border Patrol,%all%,%all%,NOV,NOV,5984,%many-values%,Guatemala,Title 8
U.S. Border Patrol,U.S. Border Patrol,%all%,%all%,OCT,OCT,5131,%many-values%,Guatemala,Title 8
U.S. Border Patrol,U.S. Border Patrol,UC / Single Minors,UC / Single Minors,%all%,%all%,14400,UC / Single Minors,Guatemala,Title 8
U.S. Border Patrol,U.S. Border Patrol,UC / Single Minors,UC / Single Minors,DEC,DEC,4809,UC / Single Minors,Guatemala,Title 8
U.S. Border Patrol,U.S. Border Patrol,UC / Single Minors,UC / Single Minors,NOV,NOV,5175,UC / Single Minors,Guatemala,Title 8
U.S. Border Patrol,U.S. Border Patrol,UC / Single Minors,UC / Single Minors,OCT,OCT,4416,UC / Single Minors,Guatemala,Title 8
U.S. Border Patrol,U.S. Border Patrol,FMUA,FMUA,%all%,%all%,1053,FMUA,Guatemala,Title 8
U.S. Border Patrol,U.S. Border Patrol,FMUA,FMUA,DEC,DEC,440,FMUA,Guatemala,Title 8
U.S. Border Patrol,U.S. Border Patrol,FMUA,FMUA,NOV,NOV,350,FMUA,Guatemala,Title 8
U.S. Border Patrol,U.S. Border Patrol,FMUA,FMUA,OCT,OCT,263,FMUA,Guatemala,Title 8
U.S. Border Patrol,U.S. Border Patrol,Single Adults,Single Adults,%all%,%all%,1455,Single Adults,Guatemala,Title 8
U.S. Border Patrol,U.S. Border Patrol,Single Adults,Single Adults,DEC,DEC,544,Single Adults,Guatemala,Title 8
U.S. Border Patrol,U.S. Border Patrol,Single Adults,Single Adults,NOV,NOV,459,Single Adults,Guatemala,Title 8
U.S. Border Patrol,U.S. Border Patrol,Single Adults,Single Adults,OCT,OCT,452,Single Adults,Guatemala,Title 8
%all%,%all%,%all%,%all%,%all%,%all%,18608,%many-values%,Guatemala,Title 8
%all%,%all%,%all%,%all%,DEC,DEC,6396,%many-values%,Guatemala,Title 8
%all%,%all%,%all%,%all%,NOV,NOV,6519,%many-values%,Guatemala,Title 8
%all%,%all%,%all%,%all%,OCT,OCT,5693,%many-values%,Guatemala,Title 8
Office of Field Operations,Office of Field Operations,%all%,%all%,%all%,%all%,77,%many-values%,Guatemala,Title 42
Office of Field Operations,Office of Field Operations,%all%,%all%,DEC,DEC,36,%many-values%,Guatemala,Title 42
Office of Field Operations,Office of Field Operations,%all%,%all%,NOV,NOV,10,Single Adults,Guatemala,Title 42
Office of Field Operations,Office of Field Operations,%all%,%all%,OCT,OCT,31,%many-values%,Guatemala,Title 42
Office of Field Operations,Office of Field Operations,Accompanied Minors,Accompanied Minors,%all%,%all%,6,Accompanied Minors,Guatemala,Title 42
Office of Field Operations,Office of Field Operations,Accompanied Minors,Accompanied Minors,DEC,DEC,2,Accompanied Minors,Guatemala,Title 42
Office of Field Operations,Office of Field Operations,Accompanied Minors,Accompanied Minors,OCT,OCT,4,Accompanied Minors,Guatemala,Title 42
Office of Field Operations,Office of Field Operations,Single Adults,Single Adults,%all%,%all%,71,Single Adults,Guatemala,Title 42
Office of Field Operations,Office of Field Operations,Single Adults,Single Adults,DEC,DEC,34,Single Adults,Guatemala,Title 42
Office of Field Operations,Office of Field Operations,Single Adults,Single Adults,NOV,NOV,10,Single Adults,Guatemala,Title 42
Office of Field Operations,Office of Field Operations,Single Adults,Single Adults,OCT,OCT,27,Single Adults,Guatemala,Title 42
U.S. Border Patrol,U.S. Border Patrol,%all%,%all%,%all%,%all%,25473,%many-values%,Guatemala,Title 42
U.S. Border Patrol,U.S. Border Patrol,%all%,%all%,DEC,DEC,8364,%many-values%,Guatemala,Title 42
U.S. Border Patrol,U.S. Border Patrol,%all%,%all%,NOV,NOV,7991,%many-values%,Guatemala,Title 42
U.S. Border Patrol,U.S. Border Patrol,%all%,%all%,OCT,OCT,9118,%many-values%,Guatemala,Title 42
U.S. Border Patrol,U.S. Border Patrol,UC / Single Minors,UC / Single Minors,%all%,%all%,2,UC / Single Minors,Guatemala,Title 42
U.S. Border Patrol,U.S. Border Patrol,UC / Single Minors,UC / Single Minors,DEC,DEC,2,UC / Single Minors,Guatemala,Title 42
U.S. Border Patrol,U.S. Border Patrol,FMUA,FMUA,%all%,%all%,3616,FMUA,Guatemala,Title 42
U.S. Border Patrol,U.S. Border Patrol,FMUA,FMUA,DEC,DEC,1376,FMUA,Guatemala,Title 42
U.S. Border Patrol,U.S. Border Patrol,FMUA,FMUA,NOV,NOV,1066,FMUA,Guatemala,Title 42
U.S. Border Patrol,U.S. Border Patrol,FMUA,FMUA,OCT,OCT,1174,FMUA,Guatemala,Title 42
U.S. Border Patrol,U.S. Border Patrol,Single Adults,Single Adults,%all%,%all%,21855,Single Adults,Guatemala,Title 42
U.S. Border Patrol,U.S. Border Patrol,Single Adults,Single Adults,DEC,DEC,6986,Single Adults,Guatemala,Title 42
U.S. Border Patrol,U.S. Border Patrol,Single Adults,Single Adults,NOV,NOV,6925,Single Adults,Guatemala,Title 42
U.S. Border Patrol,U.S. Border Patrol,Single Adults,Single Adults,OCT,OCT,7944,Single Adults,Guatemala,Title 42
%all%,%all%,%all%,%all%,%all%,%all%,25550,%many-values%,Guatemala,Title 42
%all%,%all%,%all%,%all%,DEC,DEC,8400,%many-values%,Guatemala,Title 42
%all%,%all%,%all%,%all%,NOV,NOV,8001,%many-values%,Guatemala,Title 42
%all%,%all%,%all%,%all%,OCT,OCT,9149,%many-values%,Guatemala,Title 42
Office of Field Operations,Office of Field Operations,%all%,%all%,%all%,%all%,9382,%many-values%,Honduras,all
Office of Field Operations,Office of Field Operations,%all%,%all%,DEC,DEC,2947,%many-values%,Honduras,all
Office of Field Operations,Office of Field Operations,%all%,%all%,NOV,NOV,2990,%many-values%,Honduras,all
Office of Field Operations,Office of Field Operations,%all%,%all%,OCT,OCT,3445,%many-values%,Honduras,all
Office of Field Operations,Office of Field Operations,Accompanied Minors,Accompanied Minors,%all%,%all%,36,Accompanied Minors,Honduras,all
Office of Field Operations,Office of Field Operations,Accompanied Minors,Accompanied Minors,DEC,DEC,27,Accompanied Minors,Honduras,all
Office of Field Operations,Office of Field Operations,Accompanied Minors,Accompanied Minors,NOV,NOV,2,Accompanied Minors,Honduras,all
Office of Field Operations,Office of Field Operations,Accompanied Minors,Accompanied Minors,OCT,OCT,7,Accompanied Minors,Honduras,all
Office of Field Operations,Office of Field Operations,UC / Single Minors,UC / Single Minors,%all%,%all%,90,UC / Single Minors,Honduras,all
Office of Field Operations,Office of Field Operations,UC / Single Minors,UC / Single Minors,DEC,DEC,36,UC / Single Minors,Honduras,all
Office of Field Operations,Office of Field Operations,UC / Single Minors,UC / Single Minors,NOV,NOV,20,UC / Single Minors,Honduras,all
Office of Field Operations,Office of Field Operations,UC / Single Minors,UC / Single Minors,OCT,OCT,34,UC / Single Minors,Honduras,all
Office of Field Operations,Office of Field Operations,FMUA,FMUA,%all%,%all%,6510,FMUA,Honduras,all
Office of Field Operations,Office of Field Operations,FMUA,FMUA,DEC,DEC,1924,FMUA,Honduras,all
Office of Field Operations,Office of Field Operations,FMUA,FMUA,NOV,NOV,2031,FMUA,Honduras,all
Office of Field Operations,Office of Field Operations,FMUA,FMUA,OCT,OCT,2555,FMUA,Honduras,all
Office of Field Operations,Office of Field Operations,Single Adults,Single Adults,%all%,%all%,2746,Single Adults,Honduras,all
Office of Field Operations,Office of Field Operations,Single Adults,Single Adults,DEC,DEC,960,Single Adults,Honduras,all
Office of Field Operations,Office of Field Operations,Single Adults,Single Adults,NOV,NOV,937,Single Adults,Honduras,all
Office of Field Operations,Office of Field Operations,Single Adults,Single Adults,OCT,OCT,849,Single Adults,Honduras,all
U.S. Border Patrol,U.S. Border Patrol,%all%,%all%,%all%,%all%,31036,%many-values%,Honduras,all
U.S. Border Patrol,U.S. Border Patrol,%all%,%all%,DEC,DEC,10221,%many-values%,Honduras,all
U.S. Border Patrol,U.S. Border Patrol,%all%,%all%,NOV,NOV,10163,%many-values%,Honduras,all
U.S. Border Patrol,U.S. Border Patrol,%all%,%all%,OCT,OCT,10652,%many-values%,Honduras,all
U.S. Border Patrol,U.S. Border Patrol,UC / Single Minors,UC / Single Minors,%all%,%all%,8201,UC / Single Minors,Honduras,all
U.S. Border Patrol,U.S. Border Patrol,UC / Single Minors,UC / Single Minors,DEC,DEC,2600,UC / Single Minors,Honduras,all
U.S. Border Patrol,U.S. Border Patrol,UC / Single Minors,UC / Single Minors,NOV,NOV,2959,UC / Single Minors,Honduras,all
U.S. Border Patrol,U.S. Border Patrol,UC / Single Minors,UC / Single Minors,OCT,OCT,2642,UC / Single Minors,Honduras,all
U.S. Border Patrol,U.S. Border Patrol,FMUA,FMUA,%all%,%all%,5885,FMUA,Honduras,all
U.S. Border Patrol,U.S. Border Patrol,FMUA,FMUA,DEC,DEC,2368,FMUA,Honduras,all
U.S. Border Patrol,U.S. Border Patrol,FMUA,FMUA,NOV,NOV,1665,FMUA,Honduras,all
U.S. Border Patrol,U.S. Border Patrol,FMUA,FMUA,OCT,OCT,1852,FMUA,Honduras,all
U.S. Border Patrol,U.S. Border Patrol,Single Adults,Single Adults,%all%,%all%,16950,Single Adults,Honduras,all
U.S. Border Patrol,U.S. Border Patrol,Single Adults,Single Adults,DEC,DEC,5253,Single Adults,Honduras,all
U.S. Border Patrol,U.S. Border Patrol,Single Adults,Single Adults,NOV,NOV,5539,Single Adults,Honduras,all
U.S. Border Patrol,U.S. Border Patrol,Single Adults,Single Adults,OCT,OCT,6158,Single Adults,Honduras,all
%all%,%all%,%all%,%all%,%all%,%all%,40418,%many-values%,Honduras,all
%all%,%all%,%all%,%all%,DEC,DEC,13168,%many-values%,Honduras,all
%all%,%all%,%all%,%all%,NOV,NOV,13153,%many-values%,Honduras,all
%all%,%all%,%all%,%all%,OCT,OCT,14097,%many-values%,Honduras,all
Office of Field Operations,Office of Field Operations,%all%,%all%,%all%,%all%,9278,%many-values%,Honduras,Title 8
Office of Field Operations,Office of Field Operations,%all%,%all%,DEC,DEC,2893,%many-values%,Honduras,Title 8
Office of Field Operations,Office of Field Operations,%all%,%all%,NOV,NOV,2972,%many-values%,Honduras,Title 8
Office of Field Operations,Office of Field Operations,%all%,%all%,OCT,OCT,3413,%many-values%,Honduras,Title 8
Office of Field Operations,Office of Field Operations,Accompanied Minors,Accompanied Minors,%all%,%all%,1,Accompanied Minors,Honduras,Title 8
Office of Field Operations,Office of Field Operations,Accompanied Minors,Accompanied Minors,NOV,NOV,1,Accompanied Minors,Honduras,Title 8
Office of Field Operations,Office of Field Operations,UC / Single Minors,UC / Single Minors,%all%,%all%,90,UC / Single Minors,Honduras,Title 8
Office of Field Operations,Office of Field Operations,UC / Single Minors,UC / Single Minors,DEC,DEC,36,UC / Single Minors,Honduras,Title 8
Office of Field Operations,Office of Field Operations,UC / Single Minors,UC / Single Minors,NOV,NOV,20,UC / Single Minors,Honduras,Title 8
Office of Field Operations,Office of Field Operations,UC / Single Minors,UC / Single Minors,OCT,OCT,34,UC / Single Minors,Honduras,Title 8
Office of Field Operations,Office of Field Operations,FMUA,FMUA,%all%,%all%,6510,FMUA,Honduras,Title 8
Office of Field Operations,Office of Field Operations,FMUA,FMUA,DEC,DEC,1924,FMUA,Honduras,Title 8
Office of Field Operations,Office of Field Operations,FMUA,FMUA,NOV,NOV,2031,FMUA,Honduras,Title 8
Office of Field Operations,Office of Field Operations,FMUA,FMUA,OCT,OCT,2555,FMUA,Honduras,Title 8
Office of Field Operations,Office of Field Operations,Single Adults,Single Adults,%all%,%all%,2677,Single Adults,Honduras,Title 8
Office of Field Operations,Office of Field Operations,Single Adults,Single Adults,DEC,DEC,933,Single Adults,Honduras,Title 8
Office of Field Operations,Office of Field Operations,Single Adults,Single Adults,NOV,NOV,920,Single Adults,Honduras,Title 8
Office of Field Operations,Office of Field Operations,Single Adults,Single Adults,OCT,OCT,824,Single Adults,Honduras,Title 8
U.S. Border Patrol,U.S. Border Patrol,%all%,%all%,%all%,%all%,11436,%many-values%,Honduras,Title 8
U.S. Border Patrol,U.S. Border Patrol,%all%,%all%,DEC,DEC,3838,%many-values%,Honduras,Title 8
U.S. Border Patrol,U.S. Border Patrol,%all%,%all%,NOV,NOV,3878,%many-values%,Honduras,Title 8
U.S. Border Patrol,U.S. Border Patrol,%all%,%all%,OCT,OCT,3720,%many-values%,Honduras,Title 8
U.S. Border Patrol,U.S. Border Patrol,UC / Single Minors,UC / Single Minors,%all%,%all%,8200,UC / Single Minors,Honduras,Title 8
U.S. Border Patrol,U.S. Border Patrol,UC / Single Minors,UC / Single Minors,DEC,DEC,2600,UC / Single Minors,Honduras,Title 8
U.S. Border Patrol,U.S. Border Patrol,UC / Single Minors,UC / Single Minors,NOV,NOV,2958,UC / Single Minors,Honduras,Title 8
U.S. Border Patrol,U.S. Border Patrol,UC / Single Minors,UC / Single Minors,OCT,OCT,2642,UC / Single Minors,Honduras,Title 8
U.S. Border Patrol,U.S. Border Patrol,FMUA,FMUA,%all%,%all%,1594,FMUA,Honduras,Title 8
U.S. Border Patrol,U.S. Border Patrol,FMUA,FMUA,DEC,DEC,722,FMUA,Honduras,Title 8
U.S. Border Patrol,U.S. Border Patrol,FMUA,FMUA,NOV,NOV,420,FMUA,Honduras,Title 8
U.S. Border Patrol,U.S. Border Patrol,FMUA,FMUA,OCT,OCT,452,FMUA,Honduras,Title 8
U.S. Border Patrol,U.S. Border Patrol,Single Adults,Single Adults,%all%,%all%,1642,Single Adults,Honduras,Title 8
U.S. Border Patrol,U.S. Border Patrol,Single Adults,Single Adults,DEC,DEC,516,Single Adults,Honduras,Title 8
U.S. Border Patrol,U.S. Border Patrol,Single Adults,Single Adults,NOV,NOV,500,Single Adults,Honduras,Title 8
U.S. Border Patrol,U.S. Border Patrol,Single Adults,Single Adults,OCT,OCT,626,Single Adults,Honduras,Title 8
%all%,%all%,%all%,%all%,%all%,%all%,20714,%many-values%,Honduras,Title 8
%all%,%all%,%all%,%all%,DEC,DEC,6731,%many-values%,Honduras,Title 8
%all%,%all%,%all%,%all%,NOV,NOV,6850,%many-values%,Honduras,Title 8
%all%,%all%,%all%,%all%,OCT,OCT,7133,%many-values%,Honduras,Title 8
Office of Field Operations,Office of Field Operations,%all%,%all%,%all%,%all%,104,%many-values%,Honduras,Title 42
Office of Field Operations,Office of Field Operations,%all%,%all%,DEC,DEC,54,%many-values%,Honduras,Title 42
Office of Field Operations,Office of Field Operations,%all%,%all%,NOV,NOV,18,%many-values%,Honduras,Title 42
Office of Field Operations,Office of Field Operations,%all%,%all%,OCT,OCT,32,%many-values%,Honduras,Title 42
Office of Field Operations,Office of Field Operations,Accompanied Minors,Accompanied Minors,%all%,%all%,35,Accompanied Minors,Honduras,Title 42
Office of Field Operations,Office of Field Operations,Accompanied Minors,Accompanied Minors,DEC,DEC,27,Accompanied Minors,Honduras,Title 42
Office of Field Operations,Office of Field Operations,Accompanied Minors,Accompanied Minors,NOV,NOV,1,Accompanied Minors,Honduras,Title 42
Office of Field Operations,Office of Field Operations,Accompanied Minors,Accompanied Minors,OCT,OCT,7,Accompanied Minors,Honduras,Title 42
Office of Field Operations,Office of Field Operations,Single Adults,Single Adults,%all%,%all%,69,Single Adults,Honduras,Title 42
Office of Field Operations,Office of Field Operations,Single Adults,Single Adults,DEC,DEC,27,Single Adults,Honduras,Title 42
Office of Field Operations,Office of Field Operations,Single Adults,Single Adults,NOV,NOV,17,Single Adults,Honduras,Title 42
Office of Field Operations,Office of Field Operations,Single Adults,Single Adults,OCT,OCT,25,Single Adults,Honduras,Title 42
U.S. Border Patrol,U.S. Border Patrol,%all%,%all%,%all%,%all%,19600,%many-values%,Honduras,Title 42
U.S. Border Patrol,U.S. Border Patrol,%all%,%all%,DEC,DEC,6383,%many-values%,Honduras,Title 42
U.S. Border Patrol,U.S. Border Patrol,%all%,%all%,NOV,NOV,6285,%many-values%,Honduras,Title 42
U.S. Border Patrol,U.S. Border Patrol,%all%,%all%,OCT,OCT,6932,%many-values%,Honduras,Title 42
U.S. Border Patrol,U.S. Border Patrol,UC / Single Minors,UC / Single Minors,%all%,%all%,1,UC / Single Minors,Honduras,Title 42
U.S. Border Patrol,U.S. Border Patrol,UC / Single Minors,UC / Single Minors,NOV,NOV,1,UC / Single Minors,Honduras,Title 42
U.S. Border Patrol,U.S. Border Patrol,FMUA,FMUA,%all%,%all%,4291,FMUA,Honduras,Title 42
U.S. Border Patrol,U.S. Border Patrol,FMUA,FMUA,DEC,DEC,1646,FMUA,Honduras,Title 42
U.S. Border Patrol,U.S. Border Patrol,FMUA,FMUA,NOV,NOV,1245,FMUA,Honduras,Title 42
U.S. Border Patrol,U.S. Border Patrol,FMUA,FMUA,OCT,OCT,1400,FMUA,Honduras,Title 42
U.S. Border Patrol,U.S. Border Patrol,Single Adults,Single Adults,%all%,%all%,15308,Single Adults,Honduras,Title 42
U.S. Border Patrol,U.S. Border Patrol,Single Adults,Single Adults,DEC,DEC,4737,Single Adults,Honduras,Title 42
U.S. Border Patrol,U.S. Border Patrol,Single Adults,Single Adults,NOV,NOV,5039,Single Adults,Honduras,Title 42
U.S. Border Patrol,U.S. Border Patrol,Single Adults,Single Adults,OCT,OCT,5532,Single Adults,Honduras,Title 42
%all%,%all%,%all%,%all%,%all%,%all%,19704,%many-values%,Honduras,Title 42
%all%,%all%,%all%,%all%,DEC,DEC,6437,%many-values%,Honduras,Title 42
%all%,%all%,%all%,%all%,NOV,NOV,6303,%many-values%,Honduras,Title 42
%all%,%all%,%all%,%all%,OCT,OCT,6964,%many-values%,Honduras,Title 42
Office of Field Operations,Office of Field Operations,%all%,%all%,%all%,%all%,31392,%many-values%,Mexico,all
Office of Field Operations,Office of Field Operations,%all%,%all%,DEC,DEC,11623,%many-values%,Mexico,all
Office of Field Operations,Office of Field Operations,%all%,%all%,NOV,NOV,10335,%many-values%,Mexico,all
Office of Field Operations,Office of Field Operations,%all%,%all%,OCT,OCT,9434,%many-values%,Mexico,all
Office of Field Operations,Office of Field Operations,Accompanied Minors,Accompanied Minors,%all%,%all%,625,Accompanied Minors,Mexico,all
Office of Field Operations,Office of Field Operations,Accompanied Minors,Accompanied Minors,DEC,DEC,229,Accompanied Minors,Mexico,all
Office of Field Operations,Office of Field Operations,Accompanied Minors,Accompanied Minors,NOV,NOV,194,Accompanied Minors,Mexico,all
Office of Field Operations,Office of Field Operations,Accompanied Minors,Accompanied Minors,OCT,OCT,202,Accompanied Minors,Mexico,all
Office of Field Operations,Office of Field Operations,UC / Single Minors,UC / Single Minors,%all%,%all%,773,UC / Single Minors,Mexico,all
Office of Field Operations,Office of Field Operations,UC / Single Minors,UC / Single Minors,DEC,DEC,294,UC / Single Minors,Mexico,all
Office of Field Operations,Office of Field Operations,UC / Single Minors,UC / Single Minors,NOV,NOV,233,UC / Single Minors,Mexico,all
Office of Field Operations,Office of Field Operations,UC / Single Minors,UC / Single Minors,OCT,OCT,246,UC / Single Minors,Mexico,all
Office of Field Operations,Office of Field Operations,FMUA,FMUA,%all%,%all%,15513,FMUA,Mexico,all
Office of Field Operations,Office of Field Operations,FMUA,FMUA,DEC,DEC,6049,FMUA,Mexico,all
Office of Field Operations,Office of Field Operations,FMUA,FMUA,NOV,NOV,5122,FMUA,Mexico,all
Office of Field Operations,Office of Field Operations,FMUA,FMUA,OCT,OCT,4342,FMUA,Mexico,all
Office of Field Operations,Office of Field Operations,Single Adults,Single Adults,%all%,%all%,14481,Single Adults,Mexico,all
Office of Field Operations,Office of Field Operations,Single Adults,Single Adults,DEC,DEC,5051,Single Adults,Mexico,all
Office of Field Operations,Office of Field Operations,Single Adults,Single Adults,NOV,NOV,4786,Single Adults,Mexico,all
Office of Field Operations,Office of Field Operations,Single Adults,Single Adults,OCT,OCT,4644,Single Adults,Mexico,all
U.S. Border Patrol,U.S. Border Patrol,%all%,%all%,%all%,%all%,142327,%many-values%,Mexico,all
U.S. Border Patrol,U.S. Border Patrol,%all%,%all%,DEC,DEC,36556,%many-values%,Mexico,all
U.S. Border Patrol,U.S. Border Patrol,%all%,%all%,NOV,NOV,48985,%many-values%,Mexico,all
U.S. Border Patrol,U.S. Border Patrol,%all%,%all%,OCT,OCT,56786,%many-values%,Mexico,all
U.S. Border Patrol,U.S. Border Patrol,UC / Single Minors,UC / Single Minors,%all%,%all%,5651,UC / Single Minors,Mexico,all
U.S. Border Patrol,U.S. Border Patrol,UC / Single Minors,UC / Single Minors,DEC,DEC,1584,UC / Single Minors,Mexico,all
U.S. Border Patrol,U.S. Border Patrol,UC / Single Minors,UC / Single Minors,NOV,NOV,1885,UC / Single Minors,Mexico,all
U.S. Border Patrol,U.S. Border Patrol,UC / Single Minors,UC / Single Minors,OCT,OCT,2182,UC / Single Minors,Mexico,all
U.S. Border Patrol,U.S. Border Patrol,FMUA,FMUA,%all%,%all%,9347,FMUA,Mexico,all
U.S. Border Patrol,U.S. Border Patrol,FMUA,FMUA,DEC,DEC,3520,FMUA,Mexico,all
U.S. Border Patrol,U.S. Border Patrol,FMUA,FMUA,NOV,NOV,3081,FMUA,Mexico,all
U.S. Border Patrol,U.S. Border Patrol,FMUA,FMUA,OCT,OCT,2746,FMUA,Mexico,all
U.S. Border Patrol,U.S. Border Patrol,Single Adults,Single Adults,%all%,%all%,127329,Single Adults,Mexico,all
U.S. Border Patrol,U.S. Border Patrol,Single Adults,Single Adults,DEC,DEC,31452,Single Adults,Mexico,all
U.S. Border Patrol,U.S. Border Patrol,Single Adults,Single Adults,NOV,NOV,44019,Single Adults,Mexico,all
U.S. Border Patrol,U.S. Border Patrol,Single Adults,Single Adults,OCT,OCT,51858,Single Adults,Mexico,all
%all%,%all%,%all%,%all%,%all%,%all%,173719,%many-values%,Mexico,all
%all%,%all%,%all%,%all%,DEC,DEC,48179,%many-values%,Mexico,all
%all%,%all%,%all%,%all%,NOV,NOV,59320,%many-values%,Mexico,all
%all%,%all%,%all%,%all%,OCT,OCT,66220,%many-values%,Mexico,all
Office of Field Operations,Office of Field Operations,%all%,%all%,%all%,%all%,26192,%many-values%,Mexico,Title 8
Office of Field Operations,Office of Field Operations,%all%,%all%,DEC,DEC,9957,%many-values%,Mexico,Title 8
Office of Field Operations,Office of Field Operations,%all%,%all%,NOV,NOV,8626,%many-values%,Mexico,Title 8
Office of Field Operations,Office of Field Operations,%all%,%all%,OCT,OCT,7609,%many-values%,Mexico,Title 8
Office of Field Operations,Office of Field Operations,Accompanied Minors,Accompanied Minors,%all%,%all%,166,Accompanied Minors,Mexico,Title 8
Office of Field Operations,Office of Field Operations,Accompanied Minors,Accompanied Minors,DEC,DEC,62,Accompanied Minors,Mexico,Title 8
Office of Field Operations,Office of Field Operations,Accompanied Minors,Accompanied Minors,NOV,NOV,56,Accompanied Minors,Mexico,Title 8
Office of Field Operations,Office of Field Operations,Accompanied Minors,Accompanied Minors,OCT,OCT,48,Accompanied Minors,Mexico,Title 8
Office of Field Operations,Office of Field Operations,UC / Single Minors,UC / Single Minors,%all%,%all%,773,UC / Single Minors,Mexico,Title 8
Office of Field Operations,Office of Field Operations,UC / Single Minors,UC / Single Minors,DEC,DEC,294,UC / Single Minors,Mexico,Title 8
Office of Field Operations,Office of Field Operations,UC / Single Minors,UC / Single Minors,NOV,NOV,233,UC / Single Minors,Mexico,Title 8
Office of Field Operations,Office of Field Operations,UC / Single Minors,UC / Single Minors,OCT,OCT,246,UC / Single Minors,Mexico,Title 8
Office of Field Operations,Office of Field Operations,FMUA,FMUA,%all%,%all%,15513,FMUA,Mexico,Title 8
Office of Field Operations,Office of Field Operations,FMUA,FMUA,DEC,DEC,6049,FMUA,Mexico,Title 8
Office of Field Operations,Office of Field Operations,FMUA,FMUA,NOV,NOV,5122,FMUA,Mexico,Title 8
Office of Field Operations,Office of Field Operations,FMUA,FMUA,OCT,OCT,4342,FMUA,Mexico,Title 8
Office of Field Operations,Office of Field Operations,Single Adults,Single Adults,%all%,%all%,9740,Single Adults,Mexico,Title 8
Office of Field Operations,Office of Field Operations,Single Adults,Single Adults,DEC,DEC,3552,Single Adults,Mexico,Title 8
Office of Field Operations,Office of Field Operations,Single Adults,Single Adults,NOV,NOV,3215,Single Adults,Mexico,Title 8
Office of Field Operations,Office of Field Operations,Single Adults,Single Adults,OCT,OCT,2973,Single Adults,Mexico,Title 8
U.S. Border Patrol,U.S. Border Patrol,%all%,%all%,%all%,%all%,27911,%many-values%,Mexico,Title 8
U.S. Border Patrol,U.S. Border Patrol,%all%,%all%,DEC,DEC,13319,%many-values%,Mexico,Title 8
U.S. Border Patrol,U.S. Border Patrol,%all%,%all%,NOV,NOV,7347,%many-values%,Mexico,Title 8
U.S. Border Patrol,U.S. Border Patrol,%all%,%all%,OCT,OCT,7245,%many-values%,Mexico,Title 8
U.S. Border Patrol,U.S. Border Patrol,UC / Single Minors,UC / Single Minors,%all%,%all%,5646,UC / Single Minors,Mexico,Title 8
U.S. Border Patrol,U.S. Border Patrol,UC / Single Minors,UC / Single Minors,DEC,DEC,1582,UC / Single Minors,Mexico,Title 8
U.S. Border Patrol,U.S. Border Patrol,UC / Single Minors,UC / Single Minors,NOV,NOV,1882,UC / Single Minors,Mexico,Title 8
U.S. Border Patrol,U.S. Border Patrol,UC / Single Minors,UC / Single Minors,OCT,OCT,2182,UC / Single Minors,Mexico,Title 8
U.S. Border Patrol,U.S. Border Patrol,FMUA,FMUA,%all%,%all%,4703,FMUA,Mexico,Title 8
U.S. Border Patrol,U.S. Border Patrol,FMUA,FMUA,DEC,DEC,2185,FMUA,Mexico,Title 8
U.S. Border Patrol,U.S. Border Patrol,FMUA,FMUA,NOV,NOV,1435,FMUA,Mexico,Title 8
U.S. Border Patrol,U.S. Border Patrol,FMUA,FMUA,OCT,OCT,1083,FMUA,Mexico,Title 8
U.S. Border Patrol,U.S. Border Patrol,Single Adults,Single Adults,%all%,%all%,17562,Single Adults,Mexico,Title 8
U.S. Border Patrol,U.S. Border Patrol,Single Adults,Single Adults,DEC,DEC,9552,Single Adults,Mexico,Title 8
U.S. Border Patrol,U.S. Border Patrol,Single Adults,Single Adults,NOV,NOV,4030,Single Adults,Mexico,Title 8
U.S. Border Patrol,U.S. Border Patrol,Single Adults,Single Adults,OCT,OCT,3980,Single Adults,Mexico,Title 8
%all%,%all%,%all%,%all%,%all%,%all%,54103,%many-values%,Mexico,Title 8
%all%,%all%,%all%,%all%,DEC,DEC,23276,%many-values%,Mexico,Title 8
%all%,%all%,%all%,%all%,NOV,NOV,15973,%many-values%,Mexico,Title 8
%all%,%all%,%all%,%all%,OCT,OCT,14854,%many-values%,Mexico,Title 8
Office of Field Operations,Office of Field Operations,%all%,%all%,%all%,%all%,5200,%many-values%,Mexico,Title 42
Office of Field Operations,Office of Field Operations,%all%,%all%,DEC,DEC,1666,%many-values%,Mexico,Title 42
Office of Field Operations,Office of Field Operations,%all%,%all%,NOV,NOV,1709,%many-values%,Mexico,Title 42
Office of Field Operations,Office of Field Operations,%all%,%all%,OCT,OCT,1825,%many-values%,Mexico,Title 42
Office of Field Operations,Office of Field Operations,Accompanied Minors,Accompanied Minors,%all%,%all%,459,Accompanied Minors,Mexico,Title 42
Office of Field Operations,Office of Field Operations,Accompanied Minors,Accompanied Minors,DEC,DEC,167,Accompanied Minors,Mexico,Title 42
Office of Field Operations,Office of Field Operations,Accompanied Minors,Accompanied Minors,NOV,NOV,138,Accompanied Minors,Mexico,Title 42
Office of Field Operations,Office of Field Operations,Accompanied Minors,Accompanied Minors,OCT,OCT,154,Accompanied Minors,Mexico,Title 42
Office of Field Operations,Office of Field Operations,Single Adults,Single Adults,%all%,%all%,4741,Single Adults,Mexico,Title 42
Office of Field Operations,Office of Field Operations,Single Adults,Single Adults,DEC,DEC,1499,Single Adults,Mexico,Title 42
Office of Field Operations,Office of Field Operations,Single Adults,Single Adults,NOV,NOV,1571,Single Adults,Mexico,Title 42
Office of Field Operations,Office of Field Operations,Single Adults,Single Adults,OCT,OCT,1671,Single Adults,Mexico,Title 42
U.S. Border Patrol,U.S. Border Patrol,%all%,%all%,%all%,%all%,114416,%many-values%,Mexico,Title 42
U.S. Border Patrol,U.S. Border Patrol,%all%,%all%,DEC,DEC,23237,%many-values%,Mexico,Title 42
U.S. Border Patrol,U.S. Border Patrol,%all%,%all%,NOV,NOV,41638,%many-values%,Mexico,Title 42
U.S. Border Patrol,U.S. Border Patrol,%all%,%all%,OCT,OCT,49541,%many-values%,Mexico,Title 42
U.S. Border Patrol,U.S. Border Patrol,UC / Single Minors,UC / Single Minors,%all%,%all%,5,UC / Single Minors,Mexico,Title 42
U.S. Border Patrol,U.S. Border Patrol,UC / Single Minors,UC / Single Minors,DEC,DEC,2,UC / Single Minors,Mexico,Title 42
U.S. Border Patrol,U.S. Border Patrol,UC / Single Minors,UC / Single Minors,NOV,NOV,3,UC / Single Minors,Mexico,Title 42
U.S. Border Patrol,U.S. Border Patrol,FMUA,FMUA,%all%,%all%,4644,FMUA,Mexico,Title 42
U.S. Border Patrol,U.S. Border Patrol,FMUA,FMUA,DEC,DEC,1335,FMUA,Mexico,Title 42
U.S. Border Patrol,U.S. Border Patrol,FMUA,FMUA,NOV,NOV,1646,FMUA,Mexico,Title 42
U.S. Border Patrol,U.S. Border Patrol,FMUA,FMUA,OCT,OCT,1663,FMUA,Mexico,Title 42
U.S. Border Patrol,U.S. Border Patrol,Single Adults,Single Adults,%all%,%all%,109767,Single Adults,Mexico,Title 42
U.S. Border Patrol,U.S. Border Patrol,Single Adults,Single Adults,DEC,DEC,21900,Single Adults,Mexico,Title 42
U.S. Border Patrol,U.S. Border Patrol,Single Adults,Single Adults,NOV,NOV,39989,Single Adults,Mexico,Title 42
U.S. Border Patrol,U.S. Border Patrol,Single Adults,Single Adults,OCT,OCT,47878,Single Adults,Mexico,Title 42
%all%,%all%,%all%,%all%,%all%,%all%,119616,%many-values%,Mexico,Title 42
%all%,%all%,%all%,%all%,DEC,DEC,24903,%many-values%,Mexico,Title 42
%all%,%all%,%all%,%all%,NOV,NOV,43347,%many-values%,Mexico,Title 42
%all%,%all%,%all%,%all%,OCT,OCT,51366,%many-values%,Mexico,Title 42
Office of Field Operations,Office of Field Operations,%all%,%all%,%all%,%all%,39571,%many-values%,Other,all
Office of Field Operations,Office of Field Operations,%all%,%all%,DEC,DEC,14393,%many-values%,Other,all
Office of Field Operations,Office of Field Operations,%all%,%all%,NOV,NOV,12943,%many-values%,Other,all
Office of Field Operations,Office of Field Operations,%all%,%all%,OCT,OCT,12235,%many-values%,Other,all
Office of Field Operations,Office of Field Operations,Accompanied Minors,Accompanied Minors,%all%,%all%,93,Accompanied Minors,Other,all
Office of Field Operations,Office of Field Operations,Accompanied Minors,Accompanied Minors,DEC,DEC,33,Accompanied Minors,Other,all
Office of Field Operations,Office of Field Operations,Accompanied Minors,Accompanied Minors,NOV,NOV,27,Accompanied Minors,Other,all
Office of Field Operations,Office of Field Operations,Accompanied Minors,Accompanied Minors,OCT,OCT,33,Accompanied Minors,Other,all
Office of Field Operations,Office of Field Operations,UC / Single Minors,UC / Single Minors,%all%,%all%,138,UC / Single Minors,Other,all
Office of Field Operations,Office of Field Operations,UC / Single Minors,UC / Single Minors,DEC,DEC,54,UC / Single Minors,Other,all
Office of Field Operations,Office of Field Operations,UC / Single Minors,UC / Single Minors,NOV,NOV,52,UC / Single Minors,Other,all
Office of Field Operations,Office of Field Operations,UC / Single Minors,UC / Single Minors,OCT,OCT,32,UC / Single Minors,Other,all
Office of Field Operations,Office of Field Operations,FMUA,FMUA,%all%,%all%,18900,FMUA,Other,all
Office of Field Operations,Office of Field Operations,FMUA,FMUA,DEC,DEC,7695,FMUA,Other,all
Office of Field Operations,Office of Field Operations,FMUA,FMUA,NOV,NOV,5734,FMUA,Other,all
Office of Field Operations,Office of Field Operations,FMUA,FMUA,OCT,OCT,5471,FMUA,Other,all
Office of Field Operations,Office of Field Operations,Single Adults,Single Adults,%all%,%all%,20440,Single Adults,Other,all
Office of Field Operations,Office of Field Operations,Single Adults,Single Adults,DEC,DEC,6611,Single Adults,Other,all
Office of Field Operations,Office of Field Operations,Single Adults,Single Adults,NOV,NOV,7130,Single Adults,Other,all
Office of Field Operations,Office of Field Operations,Single Adults,Single Adults,OCT,OCT,6699,Single Adults,Other,all
U.S. Border Patrol,U.S. Border Patrol,%all%,%all%,%all%,%all%,403361,%many-values%,Other,all
U.S. Border Patrol,U.S. Border Patrol,%all%,%all%,DEC,DEC,156119,%many-values%,Other,all
U.S. Border Patrol,U.S. Border Patrol,%all%,%all%,NOV,NOV,129425,%many-values%,Other,all
U.S. Border Patrol,U.S. Border Patrol,%all%,%all%,OCT,OCT,117817,%many-values%,Other,all
U.S. Border Patrol,U.S. Border Patrol,UC / Single Minors,UC / Single Minors,%all%,%all%,4923,UC / Single Minors,Other,all
U.S. Border Patrol,U.S. Border Patrol,UC / Single Minors,UC / Single Minors,DEC,DEC,1968,UC / Single Minors,Other,all
U.S. Border Patrol,U.S. Border Patrol,UC / Single Minors,UC / Single Minors,NOV,NOV,1623,UC / Single Minors,Other,all
U.S. Border Patrol,U.S. Border Patrol,UC / Single Minors,UC / Single Minors,OCT,OCT,1332,UC / Single Minors,Other,all
U.S. Border Patrol,U.S. Border Patrol,FMUA,FMUA,%all%,%all%,133942,FMUA,Other,all
U.S. Border Patrol,U.S. Border Patrol,FMUA,FMUA,DEC,DEC,51975,FMUA,Other,all
U.S. Border Patrol,U.S. Border Patrol,FMUA,FMUA,NOV,NOV,42496,FMUA,Other,all
U.S. Border Patrol,U.S. Border Patrol,FMUA,FMUA,OCT,OCT,39471,FMUA,Other,all
U.S. Border Patrol,U.S. Border Patrol,Single Adults,Single Adults,%all%,%all%,264496,Single Adults,Other,all
U.S. Border Patrol,U.S. Border Patrol,Single Adults,Single Adults,DEC,DEC,102176,Single Adults,Other,all
U.S. Border Patrol,U.S. Border Patrol,Single Adults,Single Adults,NOV,NOV,85306,Single Adults,Other,all
U.S. Border Patrol,U.S. Border Patrol,Single Adults,Single Adults,OCT,OCT,77014,Single Adults,Other,all
%all%,%all%,%all%,%all%,%all%,%all%,442932,%many-values%,Other,all
%all%,%all%,%all%,%all%,DEC,DEC,170512,%many-values%,Other,all
%all%,%all%,%all%,%all%,NOV,NOV,142368,%many-values%,Other,all
%all%,%all%,%all%,%all%,OCT,OCT,130052,%many-values%,Other,all
Office of Field Operations,Office of Field Operations,%all%,%all%,%all%,%all%,39093,%many-values%,Other,Title 8
Office of Field Operations,Office of Field Operations,%all%,%all%,DEC,DEC,14219,%many-values%,Other,Title 8
Office of Field Operations,Office of Field Operations,%all%,%all%,NOV,NOV,12808,%many-values%,Other,Title 8
Office of Field Operations,Office of Field Operations,%all%,%all%,OCT,OCT,12066,%many-values%,Other,Title 8
Office of Field Operations,Office of Field Operations,Accompanied Minors,Accompanied Minors,%all%,%all%,22,Accompanied Minors,Other,Title 8
Office of Field Operations,Office of Field Operations,Accompanied Minors,Accompanied Minors,DEC,DEC,8,Accompanied Minors,Other,Title 8
Office of Field Operations,Office of Field Operations,Accompanied Minors,Accompanied Minors,NOV,NOV,9,Accompanied Minors,Other,Title 8
Office of Field Operations,Office of Field Operations,Accompanied Minors,Accompanied Minors,OCT,OCT,5,Accompanied Minors,Other,Title 8
Office of Field Operations,Office of Field Operations,UC / Single Minors,UC / Single Minors,%all%,%all%,138,UC / Single Minors,Other,Title 8
Office of Field Operations,Office of Field Operations,UC / Single Minors,UC / Single Minors,DEC,DEC,54,UC / Single Minors,Other,Title 8
Office of Field Operations,Office of Field Operations,UC / Single Minors,UC / Single Minors,NOV,NOV,52,UC / Single Minors,Other,Title 8
Office of Field Operations,Office of Field Operations,UC / Single Minors,UC / Single Minors,OCT,OCT,32,UC / Single Minors,Other,Title 8
Office of Field Operations,Office of Field Operations,FMUA,FMUA,%all%,%all%,18900,FMUA,Other,Title 8
Office of Field Operations,Office of Field Operations,FMUA,FMUA,DEC,DEC,7695,FMUA,Other,Title 8
Office of Field Operations,Office of Field Operations,FMUA,FMUA,NOV,NOV,5734,FMUA,Other,Title 8
Office of Field Operations,Office of Field Operations,FMUA,FMUA,OCT,OCT,5471,FMUA,Other,Title 8
Office of Field Operations,Office of Field Operations,Single Adults,Single Adults,%all%,%all%,20033,Single Adults,Other,Title 8
Office of Field Operations,Office of Field Operations,Single Adults,Single Adults,DEC,DEC,6462,Single Adults,Other,Title 8
Office of Field Operations,Office of Field Operations,Single Adults,Single Adults,NOV,NOV,7013,Single Adults,Other,Title 8
Office of Field Operations,Office of Field Operations,Single Adults,Single Adults,OCT,OCT,6558,Single Adults,Other,Title 8
U.S. Border Patrol,U.S. Border Patrol,%all%,%all%,%all%,%all%,379244,%many-values%,Other,Title 8
U.S. Border Patrol,U.S. Border Patrol,%all%,%all%,DEC,DEC,148943,%many-values%,Other,Title 8
U.S. Border Patrol,U.S. Border Patrol,%all%,%all%,NOV,NOV,121389,%many-values%,Other,Title 8
U.S. Border Patrol,U.S. Border Patrol,%all%,%all%,OCT,OCT,108912,%many-values%,Other,Title 8
U.S. Border Patrol,U.S. Border Patrol,UC / Single Minors,UC / Single Minors,%all%,%all%,4923,UC / Single Minors,Other,Title 8
U.S. Border Patrol,U.S. Border Patrol,UC / Single Minors,UC / Single Minors,DEC,DEC,1968,UC / Single Minors,Other,Title 8
U.S. Border Patrol,U.S. Border Patrol,UC / Single Minors,UC / Single Minors,NOV,NOV,1623,UC / Single Minors,Other,Title 8
U.S. Border Patrol,U.S. Border Patrol,UC / Single Minors,UC / Single Minors,OCT,OCT,1332,UC / Single Minors,Other,Title 8
U.S. Border Patrol,U.S. Border Patrol,FMUA,FMUA,%all%,%all%,125097,FMUA,Other,Title 8
U.S. Border Patrol,U.S. Border Patrol,FMUA,FMUA,DEC,DEC,48732,FMUA,Other,Title 8
U.S. Border Patrol,U.S. Border Patrol,FMUA,FMUA,NOV,NOV,38971,FMUA,Other,Title 8
U.S. Border Patrol,U.S. Border Patrol,FMUA,FMUA,OCT,OCT,37394,FMUA,Other,Title 8
U.S. Border Patrol,U.S. Border Patrol,Single Adults,Single Adults,%all%,%all%,249224,Single Adults,Other,Title 8
U.S. Border Patrol,U.S. Border Patrol,Single Adults,Single Adults,DEC,DEC,98243,Single Adults,Other,Title 8
U.S. Border Patrol,U.S. Border Patrol,Single Adults,Single Adults,NOV,NOV,80795,Single Adults,Other,Title 8
U.S. Border Patrol,U.S. Border Patrol,Single Adults,Single Adults,OCT,OCT,70186,Single Adults,Other,Title 8
%all%,%all%,%all%,%all%,%all%,%all%,418337,%many-values%,Other,Title 8
%all%,%all%,%all%,%all%,DEC,DEC,163162,%many-values%,Other,Title 8
%all%,%all%,%all%,%all%,NOV,NOV,134197,%many-values%,Other,Title 8
%all%,%all%,%all%,%all%,OCT,OCT,120978,%many-values%,Other,Title 8
Office of Field Operations,Office of Field Operations,%all%,%all%,%all%,%all%,478,%many-values%,Other,Title 42
Office of Field Operations,Office of Field Operations,%all%,%all%,DEC,DEC,174,%many-values%,Other,Title 42
Office of Field Operations,Office of Field Operations,%all%,%all%,NOV,NOV,135,%many-values%,Other,Title 42
Office of Field Operations,Office of Field Operations,%all%,%all%,OCT,OCT,169,%many-values%,Other,Title 42
Office of Field Operations,Office of Field Operations,Accompanied Minors,Accompanied Minors,%all%,%all%,71,Accompanied Minors,Other,Title 42
Office of Field Operations,Office of Field Operations,Accompanied Minors,Accompanied Minors,DEC,DEC,25,Accompanied Minors,Other,Title 42
Office of Field Operations,Office of Field Operations,Accompanied Minors,Accompanied Minors,NOV,NOV,18,Accompanied Minors,Other,Title 42
Office of Field Operations,Office of Field Operations,Accompanied Minors,Accompanied Minors,OCT,OCT,28,Accompanied Minors,Other,Title 42
Office of Field Operations,Office of Field Operations,Single Adults,Single Adults,%all%,%all%,407,Single Adults,Other,Title 42
Office of Field Operations,Office of Field Operations,Single Adults,Single Adults,DEC,DEC,149,Single Adults,Other,Title 42
Office of Field Operations,Office of Field Operations,Single Adults,Single Adults,NOV,NOV,117,Single Adults,Other,Title 42
Office of Field Operations,Office of Field Operations,Single Adults,Single Adults,OCT,OCT,141,Single Adults,Other,Title 42
U.S. Border Patrol,U.S. Border Patrol,%all%,%all%,%all%,%all%,24117,%many-values%,Other,Title 42
U.S. Border Patrol,U.S. Border Patrol,%all%,%all%,DEC,DEC,7176,%many-values%,Other,Title 42
U.S. Border Patrol,U.S. Border Patrol,%all%,%all%,NOV,NOV,8036,%many-values%,Other,Title 42
U.S. Border Patrol,U.S. Border Patrol,%all%,%all%,OCT,OCT,8905,%many-values%,Other,Title 42
U.S. Border Patrol,U.S. Border Patrol,FMUA,FMUA,%all%,%all%,8845,FMUA,Other,Title 42
U.S. Border Patrol,U.S. Border Patrol,FMUA,FMUA,DEC,DEC,3243,FMUA,Other,Title 42
U.S. Border Patrol,U.S. Border Patrol,FMUA,FMUA,NOV,NOV,3525,FMUA,Other,Title 42
U.S. Border Patrol,U.S. Border Patrol,FMUA,FMUA,OCT,OCT,2077,FMUA,Other,Title 42
U.S. Border Patrol,U.S. Border Patrol,Single Adults,Single Adults,%all%,%all%,15272,Single Adults,Other,Title 42
U.S. Border Patrol,U.S. Border Patrol,Single Adults,Single Adults,DEC,DEC,3933,Single Adults,Other,Title 42
U.S. Border Patrol,U.S. Border Patrol,Single Adults,Single Adults,NOV,NOV,4511,Single Adults,Other,Title 42
U.S. Border Patrol,U.S. Border Patrol,Single Adults,Single Adults,OCT,OCT,6828,Single Adults,Other,Title 42
%all%,%all%,%all%,%all%,%all%,%all%,24595,%many-values%,Other,Title 42
%all%,%all%,%all%,%all%,DEC,DEC,7350,%many-values%,Other,Title 42
%all%,%all%,%all%,%all%,NOV,NOV,8171,%many-values%,Other,Title 42
%all%,%all%,%all%,%all%,OCT,OCT,9074,%many-values%,Other,Title 42
