,nationality,grants,grant rate,denials,denial rate,other,other rate,admin closure,admin closure rate,total,fiscal_year,generated_my,pdf_file
0,AFGHANISTAN,28.0,,19.0,,21.0,,,,,FS18,2018-10-01,eoir_adjudication_stats_2019-03-06 01:21:00.pdf
1,ALBANIA,181.0,62.41%,55.0,18.97%,49.0,16.90%,5.0,1.72%,290.0,FS18,2018-10-01,eoir_adjudication_stats_2019-03-06 01:21:00.pdf
2,ALGERIA,,,,,,,,,,FS18,2018-10-01,eoir_adjudication_stats_2019-03-06 01:21:00.pdf
3,ANGOLA,19.0,,29.0,,10.0,,,,,FS18,2018-10-01,eoir_adjudication_stats_2019-03-06 01:21:00.pdf
4,ANTIGUA ANDBARBUDA,,,,,,,,,,FS18,2018-10-01,eoir_adjudication_stats_2019-03-06 01:21:00.pdf
5,ARGENTINA,,,8.0,,16.0,,,,,FS18,2018-10-01,eoir_adjudication_stats_2019-03-06 01:21:00.pdf
6,ARMENIA,60.0,,39.0,,43.0,,,,,FS18,2018-10-01,eoir_adjudication_stats_2019-03-06 01:21:00.pdf
7,AUSTRALIA,,,,,,,,,,FS18,2018-10-01,eoir_adjudication_stats_2019-03-06 01:21:00.pdf
8,AUSTRIA,10.0,,,,,,,,,FS18,2018-10-01,eoir_adjudication_stats_2019-03-06 01:21:00.pdf
9,AZERBAIJAN,21.0,,5.0,,5.0,,,,,FS18,2018-10-01,eoir_adjudication_stats_2019-03-06 01:21:00.pdf
10,BAHAMAS,,,9.0,,5.0,,,,,FS18,2018-10-01,eoir_adjudication_stats_2019-03-06 01:21:00.pdf
11,BAHRAIN,,,,,,,,,,FS18,2018-10-01,eoir_adjudication_stats_2019-03-06 01:21:00.pdf
12,BANGLADESH,289.0,51.06%,155.0,27.39%,117.0,20.67%,5.0,0.88%,566.0,FS18,2018-10-01,eoir_adjudication_stats_2019-03-06 01:21:00.pdf
13,BARBADOS,,,,,,,,,,FS18,2018-10-01,eoir_adjudication_stats_2019-03-06 01:21:00.pdf
14,BELARUS,34.0,,6.0,,7.0,,,,,FS18,2018-10-01,eoir_adjudication_stats_2019-03-06 01:21:00.pdf
15,BELGIUM,,,,,,,,,,FS18,2018-10-01,eoir_adjudication_stats_2019-03-06 01:21:00.pdf
16,BELIZE,,,16.0,,10.0,,,,,FS18,2018-10-01,eoir_adjudication_stats_2019-03-06 01:21:00.pdf
17,BENIN,,,6.0,,,,,,,FS18,2018-10-01,eoir_adjudication_stats_2019-03-06 01:21:00.pdf
18,BERMUDA,,,,,,,,,,FS18,2018-10-01,eoir_adjudication_stats_2019-03-06 01:21:00.pdf
19,BHUTAN,4.0,,7.0,,14.0,,,,,FS18,2018-10-01,eoir_adjudication_stats_2019-03-06 01:21:00.pdf
20,BOLIVIA,,,8.0,,18.0,,,,,FS18,2018-10-01,eoir_adjudication_stats_2019-03-06 01:21:00.pdf
21,BOSNIA-HERZEGOVINA,,,6.0,,11.0,,,,,FS18,2018-10-01,eoir_adjudication_stats_2019-03-06 01:21:00.pdf
22,BOTSWANA,,,,,,,,,,FS18,2018-10-01,eoir_adjudication_stats_2019-03-06 01:21:00.pdf
23,BRAZIL,22.0,5.34%,155.0,37.62%,222.0,53.88%,13.0,3.16%,412.0,FS18,2018-10-01,eoir_adjudication_stats_2019-03-06 01:21:00.pdf
24,BRITISH VIRGINISLANDS,,,,,,,,,,FS18,2018-10-01,eoir_adjudication_stats_2019-03-06 01:21:00.pdf
25,BULGARIA,4.0,,,,7.0,,,,,FS18,2018-10-01,eoir_adjudication_stats_2019-03-06 01:21:00.pdf
26,BURKINA FASO,63.0,,15.0,,51.0,,,,,FS18,2018-10-01,eoir_adjudication_stats_2019-03-06 01:21:00.pdf
27,BURMA(MYANMAR),15.0,,15.0,,21.0,,,,,FS18,2018-10-01,eoir_adjudication_stats_2019-03-06 01:21:00.pdf
28,BURUNDI,22.0,,13.0,,18.0,,,,,FS18,2018-10-01,eoir_adjudication_stats_2019-03-06 01:21:00.pdf
29,BYELORUSSIA(BELARUS),5.0,,,,,,,,,FS18,2018-10-01,eoir_adjudication_stats_2019-03-06 01:21:00.pdf
30,CAMBODIA,,,8.0,,6.0,,,,,FS18,2018-10-01,eoir_adjudication_stats_2019-03-06 01:21:00.pdf
31,CAMEROON,317.0,,123.0,,49.0,,,,,FS18,2018-10-01,eoir_adjudication_stats_2019-03-06 01:21:00.pdf
32,CANADA,,,,,,,,,,FS18,2018-10-01,eoir_adjudication_stats_2019-03-06 01:21:00.pdf
33,CAPE VERDE,,,4.0,,,,,,,FS18,2018-10-01,eoir_adjudication_stats_2019-03-06 01:21:00.pdf
34,CENTRALAFRICANREPUBLIC,11.0,,,,4.0,,,,,FS18,2018-10-01,eoir_adjudication_stats_2019-03-06 01:21:00.pdf
35,CHAD,8.0,,4.0,,5.0,,,,,FS18,2018-10-01,eoir_adjudication_stats_2019-03-06 01:21:00.pdf
36,CHILE,,,6.0,,9.0,,,,,FS18,2018-10-01,eoir_adjudication_stats_2019-03-06 01:21:00.pdf
37,CHINA,3079.0,53.44%,1015.0,17.62%,1589.0,27.58%,79.0,1.37%,5762.0,FS18,2018-10-01,eoir_adjudication_stats_2019-03-06 01:21:00.pdf
38,COLOMBIA,39.0,13.09%,113.0,37.92%,135.0,45.30%,11.0,3.69%,298.0,FS18,2018-10-01,eoir_adjudication_stats_2019-03-06 01:21:00.pdf
39,COMOROISLANDS,,,,,,,,,,FS18,2018-10-01,eoir_adjudication_stats_2019-03-06 01:21:00.pdf
40,CONGO,39.0,,29.0,,31.0,,,,,FS18,2018-10-01,eoir_adjudication_stats_2019-03-06 01:21:00.pdf
41,COSTA RICA,,,7.0,,18.0,,,,,FS18,2018-10-01,eoir_adjudication_stats_2019-03-06 01:21:00.pdf
42,CROATIA,,,,,,,,,,FS18,2018-10-01,eoir_adjudication_stats_2019-03-06 01:21:00.pdf
43,CUBA,161.0,26.61%,279.0,46.12%,154.0,25.45%,11.0,1.82%,605.0,FS18,2018-10-01,eoir_adjudication_stats_2019-03-06 01:21:00.pdf
44,CZECH REPUBLIC,,,,,,,,,,FS18,2018-10-01,eoir_adjudication_stats_2019-03-06 01:21:00.pdf
45,DEMOCRATICREPUBLIC OFCONGO,50.0,,48.0,,16.0,,,,,FS18,2018-10-01,eoir_adjudication_stats_2019-03-06 01:21:00.pdf
46,DENMARK,,,,,,,,,,FS18,2018-10-01,eoir_adjudication_stats_2019-03-06 01:21:00.pdf
47,DJIBOUTI,6.0,,,,,,,,,FS18,2018-10-01,eoir_adjudication_stats_2019-03-06 01:21:00.pdf
48,DOMINICA,,,,,,,,,,FS18,2018-10-01,eoir_adjudication_stats_2019-03-06 01:21:00.pdf
49,DOMINICANREPUBLIC,8.0,4.40%,67.0,36.81%,101.0,55.49%,6.0,3.30%,182.0,FS18,2018-10-01,eoir_adjudication_stats_2019-03-06 01:21:00.pdf
50,EAST GERMANY,,,,,,,,,,FS18,2018-10-01,eoir_adjudication_stats_2019-03-06 01:21:00.pdf
51,ECUADOR,119.0,8.31%,344.0,24.02%,926.0,64.66%,43.0,3.00%,1432.0,FS18,2018-10-01,eoir_adjudication_stats_2019-03-06 01:21:00.pdf
52,EGYPT,164.0,,44.0,,112.0,,,,,FS18,2018-10-01,eoir_adjudication_stats_2019-03-06 01:21:00.pdf
53,EL SALVADOR,1787.0,14.89%,6155.0,51.28%,3646.0,30.38%,414.0,3.45%,12002.0,FS18,2018-10-01,eoir_adjudication_stats_2019-03-06 01:21:00.pdf
54,EQUATORIALGUINEA,,,,,,,,,,FS18,2018-10-01,eoir_adjudication_stats_2019-03-06 01:21:00.pdf
55,ERITREA,272.0,,267.0,,37.0,,,,,FS18,2018-10-01,eoir_adjudication_stats_2019-03-06 01:21:00.pdf
56,ESTONIA,,,,,,,,,,FS18,2018-10-01,eoir_adjudication_stats_2019-03-06 01:21:00.pdf
57,ETHIOPIA,123.0,,49.0,,73.0,,,,,FS18,2018-10-01,eoir_adjudication_stats_2019-03-06 01:21:00.pdf
58,FEDERATEDSTATES OFMICRONESIA,,,6.0,,,,,,,FS18,2018-10-01,eoir_adjudication_stats_2019-03-06 01:21:00.pdf
59,FIJI,,,7.0,,7.0,,,,,FS18,2018-10-01,eoir_adjudication_stats_2019-03-06 01:21:00.pdf
60,FINLAND,,,,,,,,,,FS18,2018-10-01,eoir_adjudication_stats_2019-03-06 01:21:00.pdf
61,FRANCE,,,4.0,,6.0,,,,,FS18,2018-10-01,eoir_adjudication_stats_2019-03-06 01:21:00.pdf
62,GABON,,,,,,,,,,FS18,2018-10-01,eoir_adjudication_stats_2019-03-06 01:21:00.pdf
63,GAMBIA,33.0,,32.0,,45.0,,,,,FS18,2018-10-01,eoir_adjudication_stats_2019-03-06 01:21:00.pdf
64,GAZA STRIP,,,,,,,,,,FS18,2018-10-01,eoir_adjudication_stats_2019-03-06 01:21:00.pdf
65,GEORGIA,10.0,,13.0,,9.0,,,,,FS18,2018-10-01,eoir_adjudication_stats_2019-03-06 01:21:00.pdf
66,GERMANY,,,,,12.0,,,,,FS18,2018-10-01,eoir_adjudication_stats_2019-03-06 01:21:00.pdf
67,GHANA,35.0,22.29%,56.0,35.67%,62.0,39.49%,4.0,2.55%,157.0,FS18,2018-10-01,eoir_adjudication_stats_2019-03-06 01:21:00.pdf
68,GREECE,,,,,7.0,,,,,FS18,2018-10-01,eoir_adjudication_stats_2019-03-06 01:21:00.pdf
69,GRENADA,,,,,5.0,,,,,FS18,2018-10-01,eoir_adjudication_stats_2019-03-06 01:21:00.pdf
70,GUADELOUPE,,,,,,,,,,FS18,2018-10-01,eoir_adjudication_stats_2019-03-06 01:21:00.pdf
71,GUATEMALA,1021.0,11.18%,4770.0,52.23%,3046.0,33.36%,295.0,3.23%,9132.0,FS18,2018-10-01,eoir_adjudication_stats_2019-03-06 01:21:00.pdf
72,GUINEA,88.0,,74.0,,48.0,,,,,FS18,2018-10-01,eoir_adjudication_stats_2019-03-06 01:21:00.pdf
73,GUINEA BISSAU,,,4.0,,,,,,,FS18,2018-10-01,eoir_adjudication_stats_2019-03-06 01:21:00.pdf
74,GUYANA,,,9.0,,9.0,,,,,FS18,2018-10-01,eoir_adjudication_stats_2019-03-06 01:21:00.pdf
75,HAITI,51.0,3.84%,768.0,57.79%,497.0,37.40%,13.0,0.98%,1329.0,FS18,2018-10-01,eoir_adjudication_stats_2019-03-06 01:21:00.pdf
76,HOLLAND,,,,,,,,,,FS18,2018-10-01,eoir_adjudication_stats_2019-03-06 01:21:00.pdf
77,HONDURAS,1187.0,13.81%,4770.0,55.48%,2400.0,27.91%,241.0,2.80%,8598.0,FS18,2018-10-01,eoir_adjudication_stats_2019-03-06 01:21:00.pdf
78,HONG KONG,,,,,,,,,,FS18,2018-10-01,eoir_adjudication_stats_2019-03-06 01:21:00.pdf
79,HUNGARY,4.0,,8.0,,9.0,,,,,FS18,2018-10-01,eoir_adjudication_stats_2019-03-06 01:21:00.pdf
80,INDIA,959.0,45.32%,657.0,31.05%,452.0,21.36%,48.0,2.27%,2116.0,FS18,2018-10-01,eoir_adjudication_stats_2019-03-06 01:21:00.pdf
81,INDONESIA,19.0,,17.0,,47.0,,,,,FS18,2018-10-01,eoir_adjudication_stats_2019-03-06 01:21:00.pdf
82,IRAN,53.0,,22.0,,64.0,,,,,FS18,2018-10-01,eoir_adjudication_stats_2019-03-06 01:21:00.pdf
83,IRAQ,74.0,,57.0,,110.0,,,,,FS18,2018-10-01,eoir_adjudication_stats_2019-03-06 01:21:00.pdf
84,IRELAND,,,,,,,,,,FS18,2018-10-01,eoir_adjudication_stats_2019-03-06 01:21:00.pdf
85,ISRAEL,,,8.0,,15.0,,,,,FS18,2018-10-01,eoir_adjudication_stats_2019-03-06 01:21:00.pdf
86,ITALY,5.0,,7.0,,6.0,,,,,FS18,2018-10-01,eoir_adjudication_stats_2019-03-06 01:21:00.pdf
87,IVORY COAST(COTE D'IVOIRE),23.0,,26.0,,35.0,,,,,FS18,2018-10-01,eoir_adjudication_stats_2019-03-06 01:21:00.pdf
88,JAMAICA,10.0,5.75%,101.0,58.05%,57.0,32.76%,6.0,3.45%,174.0,FS18,2018-10-01,eoir_adjudication_stats_2019-03-06 01:21:00.pdf
89,JAPAN,,,,,4.0,,,,,FS18,2018-10-01,eoir_adjudication_stats_2019-03-06 01:21:00.pdf
90,JORDAN,7.0,14.58%,10.0,20.83%,27.0,56.25%,4.0,8.33%,48.0,FS18,2018-10-01,eoir_adjudication_stats_2019-03-06 01:21:00.pdf
91,KAZAKHSTAN,25.0,,10.0,,19.0,,,,,FS18,2018-10-01,eoir_adjudication_stats_2019-03-06 01:21:00.pdf
92,KENYA,23.0,,36.0,,38.0,,,,,FS18,2018-10-01,eoir_adjudication_stats_2019-03-06 01:21:00.pdf
93,KIRGHIZIA(KYRGYZSTAN),64.0,,22.0,,42.0,,,,,FS18,2018-10-01,eoir_adjudication_stats_2019-03-06 01:21:00.pdf
94,KOSOVO,31.0,,,,13.0,,,,,FS18,2018-10-01,eoir_adjudication_stats_2019-03-06 01:21:00.pdf
95,KUWAIT,,,,,,,,,,FS18,2018-10-01,eoir_adjudication_stats_2019-03-06 01:21:00.pdf
96,LAOS,,,14.0,,8.0,,,,,FS18,2018-10-01,eoir_adjudication_stats_2019-03-06 01:21:00.pdf
97,LATVIA,7.0,,,,,,,,,FS18,2018-10-01,eoir_adjudication_stats_2019-03-06 01:21:00.pdf
98,LEBANON,8.0,,,,13.0,,,,,FS18,2018-10-01,eoir_adjudication_stats_2019-03-06 01:21:00.pdf
99,LIBERIA,11.0,,27.0,,36.0,,,,,FS18,2018-10-01,eoir_adjudication_stats_2019-03-06 01:21:00.pdf
100,LIBYA,,,,,5.0,,,,,FS18,2018-10-01,eoir_adjudication_stats_2019-03-06 01:21:00.pdf
101,LITHUANIA,,,4.0,,,,,,,FS18,2018-10-01,eoir_adjudication_stats_2019-03-06 01:21:00.pdf
102,MACEDONIA,6.0,,,,6.0,,,,,FS18,2018-10-01,eoir_adjudication_stats_2019-03-06 01:21:00.pdf
103,MALAWI,,,,,,,,,,FS18,2018-10-01,eoir_adjudication_stats_2019-03-06 01:21:00.pdf
104,MALAYSIA,,,5.0,,22.0,,,,,FS18,2018-10-01,eoir_adjudication_stats_2019-03-06 01:21:00.pdf
105,MALI,33.0,28.95%,28.0,24.56%,49.0,42.98%,4.0,3.51%,114.0,FS18,2018-10-01,eoir_adjudication_stats_2019-03-06 01:21:00.pdf
106,MAURITANIA,13.0,,10.0,,28.0,,,,,FS18,2018-10-01,eoir_adjudication_stats_2019-03-06 01:21:00.pdf
107,MEXICO,629.0,5.76%,4520.0,41.38%,5415.0,49.57%,359.0,3.29%,10923.0,FS18,2018-10-01,eoir_adjudication_stats_2019-03-06 01:21:00.pdf
108,MOLDAVIA(MOLDOVA),40.0,,17.0,,17.0,,,,,FS18,2018-10-01,eoir_adjudication_stats_2019-03-06 01:21:00.pdf
109,MONGOLIA,17.0,,9.0,,24.0,,,,,FS18,2018-10-01,eoir_adjudication_stats_2019-03-06 01:21:00.pdf
110,MONTENEGRO,,,,,,,,,,FS18,2018-10-01,eoir_adjudication_stats_2019-03-06 01:21:00.pdf
111,MOROCCO,,,4.0,,4.0,,,,,FS18,2018-10-01,eoir_adjudication_stats_2019-03-06 01:21:00.pdf
112,NAMIBIA,,,,,,,,,,FS18,2018-10-01,eoir_adjudication_stats_2019-03-06 01:21:00.pdf
113,NEPAL,470.0,60.65%,146.0,18.84%,130.0,16.77%,29.0,3.74%,775.0,FS18,2018-10-01,eoir_adjudication_stats_2019-03-06 01:21:00.pdf
114,NEW ZEALAND,,,,,,,,,,FS18,2018-10-01,eoir_adjudication_stats_2019-03-06 01:21:00.pdf
115,NICARAGUA,35.0,10.51%,148.0,44.44%,144.0,43.24%,6.0,1.80%,333.0,FS18,2018-10-01,eoir_adjudication_stats_2019-03-06 01:21:00.pdf
116,NIGER,,,7.0,,8.0,,,,,FS18,2018-10-01,eoir_adjudication_stats_2019-03-06 01:21:00.pdf
117,NIGERIA,53.0,,127.0,,97.0,,,,,FS18,2018-10-01,eoir_adjudication_stats_2019-03-06 01:21:00.pdf
118,NIUE,,,,,,,,,,FS18,2018-10-01,eoir_adjudication_stats_2019-03-06 01:21:00.pdf
119,PAKISTAN,135.0,35.16%,98.0,25.52%,146.0,38.02%,5.0,1.30%,384.0,FS18,2018-10-01,eoir_adjudication_stats_2019-03-06 01:21:00.pdf
120,PALESTINE,,,4.0,,6.0,,,,,FS18,2018-10-01,eoir_adjudication_stats_2019-03-06 01:21:00.pdf
121,PANAMA,,,5.0,,,,,,,FS18,2018-10-01,eoir_adjudication_stats_2019-03-06 01:21:00.pdf
122,PAPUA NEWGUINEA,,,,,,,,,,FS18,2018-10-01,eoir_adjudication_stats_2019-03-06 01:21:00.pdf
123,PARAGUAY,,,,,5.0,,,,,FS18,2018-10-01,eoir_adjudication_stats_2019-03-06 01:21:00.pdf
124,PERU,26.0,10.24%,86.0,33.86%,132.0,51.97%,10.0,3.94%,254.0,FS18,2018-10-01,eoir_adjudication_stats_2019-03-06 01:21:00.pdf
125,PHILIPPINES,11.0,8.59%,31.0,24.22%,82.0,64.06%,4.0,3.13%,128.0,FS18,2018-10-01,eoir_adjudication_stats_2019-03-06 01:21:00.pdf
126,PITCAIRNISLANDS,,,,,,,,,,FS18,2018-10-01,eoir_adjudication_stats_2019-03-06 01:21:00.pdf
127,POLAND,,,,,39.0,,,,,FS18,2018-10-01,eoir_adjudication_stats_2019-03-06 01:21:00.pdf
128,PORTUGAL,,,,,10.0,,,,,FS18,2018-10-01,eoir_adjudication_stats_2019-03-06 01:21:00.pdf
129,QATAR,,,,,,,,,,FS18,2018-10-01,eoir_adjudication_stats_2019-03-06 01:21:00.pdf
130,ROMANIA,43.0,,99.0,,223.0,,,,,FS18,2018-10-01,eoir_adjudication_stats_2019-03-06 01:21:00.pdf
131,RUSSIA,119.0,40.20%,72.0,24.32%,101.0,34.12%,4.0,1.35%,296.0,FS18,2018-10-01,eoir_adjudication_stats_2019-03-06 01:21:00.pdf
132,RWANDA,38.0,,7.0,,10.0,,,,,FS18,2018-10-01,eoir_adjudication_stats_2019-03-06 01:21:00.pdf
133,SAUDI ARABIA,9.0,,6.0,,31.0,,,,,FS18,2018-10-01,eoir_adjudication_stats_2019-03-06 01:21:00.pdf
134,SENEGAL,12.0,,37.0,,26.0,,,,,FS18,2018-10-01,eoir_adjudication_stats_2019-03-06 01:21:00.pdf
135,SERBIAMONTENEGRO,,,,,8.0,,,,,FS18,2018-10-01,eoir_adjudication_stats_2019-03-06 01:21:00.pdf
136,SEYCHELLES,,,,,,,,,,FS18,2018-10-01,eoir_adjudication_stats_2019-03-06 01:21:00.pdf
137,SIERRA LEONE,21.0,,18.0,,19.0,,,,,FS18,2018-10-01,eoir_adjudication_stats_2019-03-06 01:21:00.pdf
138,SINGAPORE,,,,,,,,,,FS18,2018-10-01,eoir_adjudication_stats_2019-03-06 01:21:00.pdf
139,SLOVAKREPUBLIC,,,7.0,,11.0,,,,,FS18,2018-10-01,eoir_adjudication_stats_2019-03-06 01:21:00.pdf
140,SLOVENIA,,,,,,,,,,FS18,2018-10-01,eoir_adjudication_stats_2019-03-06 01:21:00.pdf
141,SOMALIA,42.0,,89.0,,71.0,,,,,FS18,2018-10-01,eoir_adjudication_stats_2019-03-06 01:21:00.pdf
142,SOUTH AFRICA,,,4.0,,9.0,,,,,FS18,2018-10-01,eoir_adjudication_stats_2019-03-06 01:21:00.pdf
143,SOUTH KOREA,,,9.0,,14.0,,,,,FS18,2018-10-01,eoir_adjudication_stats_2019-03-06 01:21:00.pdf
144,SOUTH SUDAN,,,11.0,,4.0,,,,,FS18,2018-10-01,eoir_adjudication_stats_2019-03-06 01:21:00.pdf
145,SOVIET UNION,107.0,,15.0,,87.0,,,,,FS18,2018-10-01,eoir_adjudication_stats_2019-03-06 01:21:00.pdf
146,SPAIN,,,6.0,,9.0,,,,,FS18,2018-10-01,eoir_adjudication_stats_2019-03-06 01:21:00.pdf
147,SRI LANKA,60.0,,37.0,,32.0,,,,,FS18,2018-10-01,eoir_adjudication_stats_2019-03-06 01:21:00.pdf
148,ST.CHRISTOPHER-NEVIS,,,,,,,,,,FS18,2018-10-01,eoir_adjudication_stats_2019-03-06 01:21:00.pdf
149,"ST. KITTS, WESTINDIES",,,,,,,,,,FS18,2018-10-01,eoir_adjudication_stats_2019-03-06 01:21:00.pdf
150,ST. LUCIA,,,,,,,,,,FS18,2018-10-01,eoir_adjudication_stats_2019-03-06 01:21:00.pdf
151,STATELESS -ALIEN UNABLE TONAME ACOUNTRY,8.0,,,,13.0,,,,,FS18,2018-10-01,eoir_adjudication_stats_2019-03-06 01:21:00.pdf
152,SUDAN,25.0,,27.0,,30.0,,,,,FS18,2018-10-01,eoir_adjudication_stats_2019-03-06 01:21:00.pdf
153,SURINAME,,,,,,,,,,FS18,2018-10-01,eoir_adjudication_stats_2019-03-06 01:21:00.pdf
154,SWAZILAND,,,,,,,,,,FS18,2018-10-01,eoir_adjudication_stats_2019-03-06 01:21:00.pdf
155,SWEDEN,,,,,,,,,,FS18,2018-10-01,eoir_adjudication_stats_2019-03-06 01:21:00.pdf
156,SWITZERLAND,,,,,,,,,,FS18,2018-10-01,eoir_adjudication_stats_2019-03-06 01:21:00.pdf
157,SYRIA,156.0,53.24%,25.0,8.53%,99.0,33.79%,13.0,4.44%,293.0,FS18,2018-10-01,eoir_adjudication_stats_2019-03-06 01:21:00.pdf
158,TAIWAN,,,,,,,,,,FS18,2018-10-01,eoir_adjudication_stats_2019-03-06 01:21:00.pdf
159,TAJIKISTAN(TADZHIK),15.0,,4.0,,7.0,,,,,FS18,2018-10-01,eoir_adjudication_stats_2019-03-06 01:21:00.pdf
160,TANZANIA,,,5.0,,4.0,,,,,FS18,2018-10-01,eoir_adjudication_stats_2019-03-06 01:21:00.pdf
161,THAILAND,,,7.0,,5.0,,,,,FS18,2018-10-01,eoir_adjudication_stats_2019-03-06 01:21:00.pdf
162,THE REPUBLIC OFPALAU,,,,,,,,,,FS18,2018-10-01,eoir_adjudication_stats_2019-03-06 01:21:00.pdf
163,THE REPUBLIC OFTHE MARSHALLISLANDS,,,,,,,,,,FS18,2018-10-01,eoir_adjudication_stats_2019-03-06 01:21:00.pdf
164,TOGO,11.0,,12.0,,14.0,,,,,FS18,2018-10-01,eoir_adjudication_stats_2019-03-06 01:21:00.pdf
165,TONGA,,,,,,,,,,FS18,2018-10-01,eoir_adjudication_stats_2019-03-06 01:21:00.pdf
166,TRINIDAD ANDTOBAGO,,,17.0,,23.0,,,,,FS18,2018-10-01,eoir_adjudication_stats_2019-03-06 01:21:00.pdf
167,TUNISIA,4.0,,5.0,,10.0,,,,,FS18,2018-10-01,eoir_adjudication_stats_2019-03-06 01:21:00.pdf
168,TURKEY,26.0,,14.0,,29.0,,,,,FS18,2018-10-01,eoir_adjudication_stats_2019-03-06 01:21:00.pdf
169,TURKMENISTAN,9.0,,,,8.0,,,,,FS18,2018-10-01,eoir_adjudication_stats_2019-03-06 01:21:00.pdf
170,TURKS ANDCAICOS ISLANDS,,,,,,,,,,FS18,2018-10-01,eoir_adjudication_stats_2019-03-06 01:21:00.pdf
171,UGANDA,29.0,,14.0,,21.0,,,,,FS18,2018-10-01,eoir_adjudication_stats_2019-03-06 01:21:00.pdf
172,UKRAINE,107.0,41.96%,54.0,21.18%,90.0,35.29%,4.0,1.57%,255.0,FS18,2018-10-01,eoir_adjudication_stats_2019-03-06 01:21:00.pdf
173,UNITED ARABEMIRATES,4.0,,,,,,,,,FS18,2018-10-01,eoir_adjudication_stats_2019-03-06 01:21:00.pdf
174,UNITEDKINGDOM,,,6.0,,7.0,,,,,FS18,2018-10-01,eoir_adjudication_stats_2019-03-06 01:21:00.pdf
175,URUGUAY,,,,,7.0,,,,,FS18,2018-10-01,eoir_adjudication_stats_2019-03-06 01:21:00.pdf
176,UZEBEKISTAN,49.0,,21.0,,35.0,,,,,FS18,2018-10-01,eoir_adjudication_stats_2019-03-06 01:21:00.pdf
177,VENEZUELA,121.0,,111.0,,222.0,,,,,FS18,2018-10-01,eoir_adjudication_stats_2019-03-06 01:21:00.pdf
178,VIETNAM,6.0,,28.0,,22.0,,,,,FS18,2018-10-01,eoir_adjudication_stats_2019-03-06 01:21:00.pdf
179,YEMEN,22.0,,13.0,,29.0,,,,,FS18,2018-10-01,eoir_adjudication_stats_2019-03-06 01:21:00.pdf
180,YUGOSLAVIA,18.0,,5.0,,16.0,,,,,FS18,2018-10-01,eoir_adjudication_stats_2019-03-06 01:21:00.pdf
181,ZAIRE,,,,,,,,,,FS18,2018-10-01,eoir_adjudication_stats_2019-03-06 01:21:00.pdf
182,ZAMBIA,,,,,,,,,,FS18,2018-10-01,eoir_adjudication_stats_2019-03-06 01:21:00.pdf
183,ZIMBABWE,13.0,,11.0,,9.0,,,,,FS18,2018-10-01,eoir_adjudication_stats_2019-03-06 01:21:00.pdf
184,AFGHANISTAN,30.0,41%,15.0,20%,29.0,39%,,,74.0,FS19,2019-10-01,eoir_adjudication_stats_2019-11-13 02:08:38.pdf
185,ALBANIA,121.0,56%,48.0,22%,46.0,21%,,,215.0,FS19,2019-10-01,eoir_adjudication_stats_2019-11-13 02:08:38.pdf
186,ALGERIA,4.0,22%,6.0,33%,8.0,44%,,,18.0,FS19,2019-10-01,eoir_adjudication_stats_2019-11-13 02:08:38.pdf
187,ANGOLA,29.0,29%,22.0,22%,48.0,48%,,,99.0,FS19,2019-10-01,eoir_adjudication_stats_2019-11-13 02:08:38.pdf
188,ANGUILLA,,,,,,,,,,FS19,2019-10-01,eoir_adjudication_stats_2019-11-13 02:08:38.pdf
189,ANTIGUA ANDBARBUDA,,,,,,,,,,FS19,2019-10-01,eoir_adjudication_stats_2019-11-13 02:08:38.pdf
190,ARGENTINA,,,9.0,,27.0,,,,,FS19,2019-10-01,eoir_adjudication_stats_2019-11-13 02:08:38.pdf
191,ARMENIA,106.0,47%,37.0,16%,83.0,37%,,,226.0,FS19,2019-10-01,eoir_adjudication_stats_2019-11-13 02:08:38.pdf
192,AUSTRALIA,,,,,,,,,,FS19,2019-10-01,eoir_adjudication_stats_2019-11-13 02:08:38.pdf
193,AUSTRIA,,,,,,,,,,FS19,2019-10-01,eoir_adjudication_stats_2019-11-13 02:08:38.pdf
194,AZERBAIJAN,21.0,45%,7.0,15%,19.0,40%,,,47.0,FS19,2019-10-01,eoir_adjudication_stats_2019-11-13 02:08:38.pdf
195,BAHAMAS,,,4.0,,4.0,,,,,FS19,2019-10-01,eoir_adjudication_stats_2019-11-13 02:08:38.pdf
196,BANGLADESH,366.0,45%,332.0,41%,113.0,14%,,,811.0,FS19,2019-10-01,eoir_adjudication_stats_2019-11-13 02:08:38.pdf
197,BARBADOS,,,,,,,,,,FS19,2019-10-01,eoir_adjudication_stats_2019-11-13 02:08:38.pdf
198,BELARUS,35.0,54%,11.0,17%,19.0,29%,,,65.0,FS19,2019-10-01,eoir_adjudication_stats_2019-11-13 02:08:38.pdf
199,BELGIUM,,,6.0,,,,,,,FS19,2019-10-01,eoir_adjudication_stats_2019-11-13 02:08:38.pdf
200,BELIZE,,,25.0,,9.0,,,,,FS19,2019-10-01,eoir_adjudication_stats_2019-11-13 02:08:38.pdf
201,BENIN,,,8.0,,5.0,,,,,FS19,2019-10-01,eoir_adjudication_stats_2019-11-13 02:08:38.pdf
202,BHUTAN,4.0,17%,7.0,29%,13.0,54%,,,24.0,FS19,2019-10-01,eoir_adjudication_stats_2019-11-13 02:08:38.pdf
203,BOLIVIA,11.0,30%,6.0,16%,20.0,54%,,,37.0,FS19,2019-10-01,eoir_adjudication_stats_2019-11-13 02:08:38.pdf
204,BOSNIA-HERZEGOVINA,8.0,21%,15.0,39%,15.0,39%,,,38.0,FS19,2019-10-01,eoir_adjudication_stats_2019-11-13 02:08:38.pdf
205,BOTSWANA,,,,,,,,,,FS19,2019-10-01,eoir_adjudication_stats_2019-11-13 02:08:38.pdf
206,BRAZIL,38.0,5%,386.0,53%,302.0,42%,,,726.0,FS19,2019-10-01,eoir_adjudication_stats_2019-11-13 02:08:38.pdf
207,BULGARIA,10.0,,,,7.0,,,,,FS19,2019-10-01,eoir_adjudication_stats_2019-11-13 02:08:38.pdf
208,BURKINA FASO,81.0,53%,24.0,16%,49.0,32%,,,154.0,FS19,2019-10-01,eoir_adjudication_stats_2019-11-13 02:08:38.pdf
209,BURMA (MYANMAR),26.0,37%,20.0,29%,24.0,34%,,,70.0,FS19,2019-10-01,eoir_adjudication_stats_2019-11-13 02:08:38.pdf
210,BURUNDI,47.0,64%,11.0,15%,15.0,21%,,,73.0,FS19,2019-10-01,eoir_adjudication_stats_2019-11-13 02:08:38.pdf
211,BYELORUSSIA(BELARUS),,,,,,,,,,FS19,2019-10-01,eoir_adjudication_stats_2019-11-13 02:08:38.pdf
212,CAMBODIA,,,,,6.0,,,,,FS19,2019-10-01,eoir_adjudication_stats_2019-11-13 02:08:38.pdf
213,CAMEROON,656.0,76%,156.0,18%,54.0,6%,,,866.0,FS19,2019-10-01,eoir_adjudication_stats_2019-11-13 02:08:38.pdf
214,CANADA,,,5.0,,5.0,,,,,FS19,2019-10-01,eoir_adjudication_stats_2019-11-13 02:08:38.pdf
215,CAPE VERDE,,,,,,,,,,FS19,2019-10-01,eoir_adjudication_stats_2019-11-13 02:08:38.pdf
216,CENTRAL AFRICANREPUBLIC,,,,,4.0,,,,,FS19,2019-10-01,eoir_adjudication_stats_2019-11-13 02:08:38.pdf
217,CHAD,17.0,,,,4.0,,,,,FS19,2019-10-01,eoir_adjudication_stats_2019-11-13 02:08:38.pdf
218,CHILE,,,4.0,,16.0,,,,,FS19,2019-10-01,eoir_adjudication_stats_2019-11-13 02:08:38.pdf
219,CHINA,3438.0,55%,1193.0,19%,1648.0,26%,,,6279.0,FS19,2019-10-01,eoir_adjudication_stats_2019-11-13 02:08:38.pdf
220,COCOS ISLAND,,,,,,,,,,FS19,2019-10-01,eoir_adjudication_stats_2019-11-13 02:08:38.pdf
221,COLOMBIA,46.0,9%,173.0,33%,305.0,58%,,,524.0,FS19,2019-10-01,eoir_adjudication_stats_2019-11-13 02:08:38.pdf
222,CONGO,29.0,34%,29.0,34%,28.0,33%,,,86.0,FS19,2019-10-01,eoir_adjudication_stats_2019-11-13 02:08:38.pdf
223,COSTA RICA,,,8.0,,11.0,,,,,FS19,2019-10-01,eoir_adjudication_stats_2019-11-13 02:08:38.pdf
224,CROATIA,,,,,4.0,,,,,FS19,2019-10-01,eoir_adjudication_stats_2019-11-13 02:08:38.pdf
225,CUBA,709.0,35%,791.0,39%,548.0,27%,,,2048.0,FS19,2019-10-01,eoir_adjudication_stats_2019-11-13 02:08:38.pdf
226,CYPRUS,,,,,,,,,,FS19,2019-10-01,eoir_adjudication_stats_2019-11-13 02:08:38.pdf
227,CZECH REPUBLIC,,,,,,,,,,FS19,2019-10-01,eoir_adjudication_stats_2019-11-13 02:08:38.pdf
228,DEMOCRATICREPUBLIC OF CONGO,56.0,40%,56.0,40%,29.0,21%,,,141.0,FS19,2019-10-01,eoir_adjudication_stats_2019-11-13 02:08:38.pdf
229,DENMARK,,,,,,,,,,FS19,2019-10-01,eoir_adjudication_stats_2019-11-13 02:08:38.pdf
230,DJIBOUTI,10.0,,,,,,,,,FS19,2019-10-01,eoir_adjudication_stats_2019-11-13 02:08:38.pdf
231,DOMINICA,,,,,,,,,,FS19,2019-10-01,eoir_adjudication_stats_2019-11-13 02:08:38.pdf
232,DOMINICANREPUBLIC,6.0,2%,104.0,43%,132.0,55%,,,242.0,FS19,2019-10-01,eoir_adjudication_stats_2019-11-13 02:08:38.pdf
233,ECUADOR,119.0,7%,601.0,35%,1018.0,59%,,,1738.0,FS19,2019-10-01,eoir_adjudication_stats_2019-11-13 02:08:38.pdf
234,EGYPT,145.0,53%,33.0,12%,98.0,36%,,,276.0,FS19,2019-10-01,eoir_adjudication_stats_2019-11-13 02:08:38.pdf
235,EL SALVADOR,2311.0,14%,10701.0,63%,3975.0,23%,,,16987.0,FS19,2019-10-01,eoir_adjudication_stats_2019-11-13 02:08:38.pdf
236,EQUATORIAL GUINEA,,,,,,,,,,FS19,2019-10-01,eoir_adjudication_stats_2019-11-13 02:08:38.pdf
237,ERITREA,320.0,62%,160.0,31%,40.0,8%,,,520.0,FS19,2019-10-01,eoir_adjudication_stats_2019-11-13 02:08:38.pdf
238,ESTONIA,,,,,,,,,,FS19,2019-10-01,eoir_adjudication_stats_2019-11-13 02:08:38.pdf
239,ETHIOPIA,179.0,65%,46.0,17%,52.0,19%,,,277.0,FS19,2019-10-01,eoir_adjudication_stats_2019-11-13 02:08:38.pdf
240,FAEROE ISLAND,,,,,,,,,,FS19,2019-10-01,eoir_adjudication_stats_2019-11-13 02:08:38.pdf
241,FEDERATED STATESOF MICRONESIA,,,8.0,,,,,,,FS19,2019-10-01,eoir_adjudication_stats_2019-11-13 02:08:38.pdf
242,FIJI,6.0,,,,15.0,,,,,FS19,2019-10-01,eoir_adjudication_stats_2019-11-13 02:08:38.pdf
243,FINLAND,,,,,,,,,,FS19,2019-10-01,eoir_adjudication_stats_2019-11-13 02:08:38.pdf
244,FORMER COUNTRIES4,151.0,61%,26.0,10%,72.0,29%,,,249.0,FS19,2019-10-01,eoir_adjudication_stats_2019-11-13 02:08:38.pdf
245,FRANCE,,,,,6.0,,,,,FS19,2019-10-01,eoir_adjudication_stats_2019-11-13 02:08:38.pdf
246,GABON,,,5.0,,,,,,,FS19,2019-10-01,eoir_adjudication_stats_2019-11-13 02:08:38.pdf
247,GAMBIA,21.0,30%,18.0,26%,30.0,43%,,,69.0,FS19,2019-10-01,eoir_adjudication_stats_2019-11-13 02:08:38.pdf
248,GEORGIA,34.0,41%,26.0,32%,22.0,27%,,,82.0,FS19,2019-10-01,eoir_adjudication_stats_2019-11-13 02:08:38.pdf
249,GERMANY,,,,,10.0,,,,,FS19,2019-10-01,eoir_adjudication_stats_2019-11-13 02:08:38.pdf
250,GHANA,48.0,27%,54.0,30%,77.0,43%,,,179.0,FS19,2019-10-01,eoir_adjudication_stats_2019-11-13 02:08:38.pdf
251,GREECE,,,9.0,,,,,,,FS19,2019-10-01,eoir_adjudication_stats_2019-11-13 02:08:38.pdf
252,GRENADA,,,,,5.0,,,,,FS19,2019-10-01,eoir_adjudication_stats_2019-11-13 02:08:38.pdf
253,GUADELOUPE,,,,,,,,,,FS19,2019-10-01,eoir_adjudication_stats_2019-11-13 02:08:38.pdf
254,GUATEMALA,1540.0,10%,9334.0,61%,4396.0,29%,,,15270.0,FS19,2019-10-01,eoir_adjudication_stats_2019-11-13 02:08:38.pdf
255,GUINEA,83.0,51%,46.0,28%,33.0,20%,,,162.0,FS19,2019-10-01,eoir_adjudication_stats_2019-11-13 02:08:38.pdf
256,GUINEA BISSAU,,,,,,,,,,FS19,2019-10-01,eoir_adjudication_stats_2019-11-13 02:08:38.pdf
257,GUYANA,,,17.0,,22.0,,,,,FS19,2019-10-01,eoir_adjudication_stats_2019-11-13 02:08:38.pdf
258,HAITI,77.0,5%,1136.0,67%,476.0,28%,,,1689.0,FS19,2019-10-01,eoir_adjudication_stats_2019-11-13 02:08:38.pdf
259,HOLLAND,,,,,,,,,,FS19,2019-10-01,eoir_adjudication_stats_2019-11-13 02:08:38.pdf
260,HONDURAS,1286.0,9%,8893.0,65%,3414.0,25%,,,13593.0,FS19,2019-10-01,eoir_adjudication_stats_2019-11-13 02:08:38.pdf
261,HONG KONG,,,,,,,,,,FS19,2019-10-01,eoir_adjudication_stats_2019-11-13 02:08:38.pdf
262,HUNGARY,,,11.0,,24.0,,,,,FS19,2019-10-01,eoir_adjudication_stats_2019-11-13 02:08:38.pdf
263,INDIA,1920.0,50%,1198.0,31%,689.0,18%,,,3807.0,FS19,2019-10-01,eoir_adjudication_stats_2019-11-13 02:08:38.pdf
264,INDONESIA,27.0,27%,16.0,16%,56.0,57%,,,99.0,FS19,2019-10-01,eoir_adjudication_stats_2019-11-13 02:08:38.pdf
265,IRAN,107.0,52%,34.0,17%,63.0,31%,,,204.0,FS19,2019-10-01,eoir_adjudication_stats_2019-11-13 02:08:38.pdf
266,IRAQ,105.0,38%,47.0,17%,121.0,44%,,,273.0,FS19,2019-10-01,eoir_adjudication_stats_2019-11-13 02:08:38.pdf
267,IRELAND,,,,,,,,,,FS19,2019-10-01,eoir_adjudication_stats_2019-11-13 02:08:38.pdf
268,ISRAEL,4.0,14%,6.0,21%,18.0,64%,,,28.0,FS19,2019-10-01,eoir_adjudication_stats_2019-11-13 02:08:38.pdf
269,ITALY,,,8.0,,10.0,,,,,FS19,2019-10-01,eoir_adjudication_stats_2019-11-13 02:08:38.pdf
270,IVORY COAST (COTED'IVOIRE),30.0,32%,22.0,23%,43.0,45%,,,95.0,FS19,2019-10-01,eoir_adjudication_stats_2019-11-13 02:08:38.pdf
271,JAMAICA,14.0,9%,89.0,55%,59.0,36%,,,162.0,FS19,2019-10-01,eoir_adjudication_stats_2019-11-13 02:08:38.pdf
272,JAPAN,,,6.0,,,,,,,FS19,2019-10-01,eoir_adjudication_stats_2019-11-13 02:08:38.pdf
273,JORDAN,29.0,27%,19.0,18%,58.0,55%,,,106.0,FS19,2019-10-01,eoir_adjudication_stats_2019-11-13 02:08:38.pdf
274,KAZAKHSTAN,27.0,32%,13.0,15%,44.0,52%,,,84.0,FS19,2019-10-01,eoir_adjudication_stats_2019-11-13 02:08:38.pdf
275,KENYA,28.0,22%,38.0,30%,59.0,47%,,,125.0,FS19,2019-10-01,eoir_adjudication_stats_2019-11-13 02:08:38.pdf
276,KIRGHIZIA(KYRGYZSTAN),80.0,56%,19.0,13%,45.0,31%,,,144.0,FS19,2019-10-01,eoir_adjudication_stats_2019-11-13 02:08:38.pdf
277,KOSOVO,43.0,60%,11.0,15%,18.0,25%,,,72.0,FS19,2019-10-01,eoir_adjudication_stats_2019-11-13 02:08:38.pdf
278,KUWAIT,,,,,,,,,,FS19,2019-10-01,eoir_adjudication_stats_2019-11-13 02:08:38.pdf
279,LAOS,,,10.0,,19.0,,,,,FS19,2019-10-01,eoir_adjudication_stats_2019-11-13 02:08:38.pdf
280,LATVIA,,,,,5.0,,,,,FS19,2019-10-01,eoir_adjudication_stats_2019-11-13 02:08:38.pdf
281,LEBANON,28.0,35%,15.0,19%,36.0,46%,,,79.0,FS19,2019-10-01,eoir_adjudication_stats_2019-11-13 02:08:38.pdf
282,LIBERIA,15.0,16%,34.0,35%,47.0,49%,,,96.0,FS19,2019-10-01,eoir_adjudication_stats_2019-11-13 02:08:38.pdf
283,LIBYA,14.0,22%,15.0,23%,36.0,55%,,,65.0,FS19,2019-10-01,eoir_adjudication_stats_2019-11-13 02:08:38.pdf
284,LITHUANIA,,,,,5.0,,,,,FS19,2019-10-01,eoir_adjudication_stats_2019-11-13 02:08:38.pdf
285,MACEDONIA,4.0,27%,4.0,27%,7.0,47%,,,15.0,FS19,2019-10-01,eoir_adjudication_stats_2019-11-13 02:08:38.pdf
286,MADAGASCAR,,,,,,,,,,FS19,2019-10-01,eoir_adjudication_stats_2019-11-13 02:08:38.pdf
287,MALAWI,,,,,7.0,,,,,FS19,2019-10-01,eoir_adjudication_stats_2019-11-13 02:08:38.pdf
288,MALAYSIA,,,4.0,,13.0,,,,,FS19,2019-10-01,eoir_adjudication_stats_2019-11-13 02:08:38.pdf
289,MALI,26.0,38%,16.0,23%,27.0,39%,,,69.0,FS19,2019-10-01,eoir_adjudication_stats_2019-11-13 02:08:38.pdf
290,MAURITANIA,26.0,37%,17.0,24%,28.0,39%,,,71.0,FS19,2019-10-01,eoir_adjudication_stats_2019-11-13 02:08:38.pdf
291,MEXICO,802.0,6%,6437.0,48%,6058.0,46%,,,13297.0,FS19,2019-10-01,eoir_adjudication_stats_2019-11-13 02:08:38.pdf
292,MOLDAVIA(MOLDOVA),76.0,62%,16.0,13%,30.0,25%,,,122.0,FS19,2019-10-01,eoir_adjudication_stats_2019-11-13 02:08:38.pdf
293,MONACO,,,,,,,,,,FS19,2019-10-01,eoir_adjudication_stats_2019-11-13 02:08:38.pdf
294,MONGOLIA,34.0,37%,21.0,23%,36.0,40%,,,91.0,FS19,2019-10-01,eoir_adjudication_stats_2019-11-13 02:08:38.pdf
295,MONTENEGRO,,,,,11.0,,,,,FS19,2019-10-01,eoir_adjudication_stats_2019-11-13 02:08:38.pdf
296,MOROCCO,5.0,,,,13.0,,,,,FS19,2019-10-01,eoir_adjudication_stats_2019-11-13 02:08:38.pdf
297,MOZAMBIQUE,,,,,,,,,,FS19,2019-10-01,eoir_adjudication_stats_2019-11-13 02:08:38.pdf
298,NEPAL,603.0,62%,236.0,24%,126.0,13%,,,965.0,FS19,2019-10-01,eoir_adjudication_stats_2019-11-13 02:08:38.pdf
299,NETHERLANDS,,,,,6.0,,,,,FS19,2019-10-01,eoir_adjudication_stats_2019-11-13 02:08:38.pdf
300,NEW ZEALAND,,,,,4.0,,,,,FS19,2019-10-01,eoir_adjudication_stats_2019-11-13 02:08:38.pdf
301,NICARAGUA,354.0,27%,681.0,51%,300.0,22%,,,1335.0,FS19,2019-10-01,eoir_adjudication_stats_2019-11-13 02:08:38.pdf
302,NIGER,,,,,15.0,,,,,FS19,2019-10-01,eoir_adjudication_stats_2019-11-13 02:08:38.pdf
303,NIGERIA,193.0,35%,132.0,24%,226.0,41%,,,551.0,FS19,2019-10-01,eoir_adjudication_stats_2019-11-13 02:08:38.pdf
304,NORTH KOREA,,,,,,,,,,FS19,2019-10-01,eoir_adjudication_stats_2019-11-13 02:08:38.pdf
305,NORWAY,,,,,,,,,,FS19,2019-10-01,eoir_adjudication_stats_2019-11-13 02:08:38.pdf
306,OMAN,,,,,,,,,,FS19,2019-10-01,eoir_adjudication_stats_2019-11-13 02:08:38.pdf
307,PAKISTAN,181.0,39%,132.0,28%,157.0,33%,,,470.0,FS19,2019-10-01,eoir_adjudication_stats_2019-11-13 02:08:38.pdf
308,PALESTINE,5.0,,,,8.0,,,,,FS19,2019-10-01,eoir_adjudication_stats_2019-11-13 02:08:38.pdf
309,PANAMA,,,4.0,,7.0,,,,,FS19,2019-10-01,eoir_adjudication_stats_2019-11-13 02:08:38.pdf
310,PARAGUAY,,,,,,,,,,FS19,2019-10-01,eoir_adjudication_stats_2019-11-13 02:08:38.pdf
311,PEOPLE'S REPUBLICOF BENIN,,,,,,,,,,FS19,2019-10-01,eoir_adjudication_stats_2019-11-13 02:08:38.pdf
312,PERU,46.0,13%,144.0,41%,159.0,46%,,,349.0,FS19,2019-10-01,eoir_adjudication_stats_2019-11-13 02:08:38.pdf
313,PHILIPPINES,7.0,5%,55.0,38%,83.0,57%,,,145.0,FS19,2019-10-01,eoir_adjudication_stats_2019-11-13 02:08:38.pdf
314,POLAND,,,8.0,,54.0,,,,,FS19,2019-10-01,eoir_adjudication_stats_2019-11-13 02:08:38.pdf
315,PORTUGAL,,,,,14.0,,,,,FS19,2019-10-01,eoir_adjudication_stats_2019-11-13 02:08:38.pdf
316,QATAR,4.0,,,,,,,,,FS19,2019-10-01,eoir_adjudication_stats_2019-11-13 02:08:38.pdf
317,ROMANIA,39.0,8%,146.0,29%,318.0,63%,,,503.0,FS19,2019-10-01,eoir_adjudication_stats_2019-11-13 02:08:38.pdf
318,RUSSIA,299.0,49%,112.0,18%,202.0,33%,,,613.0,FS19,2019-10-01,eoir_adjudication_stats_2019-11-13 02:08:38.pdf
319,RWANDA,28.0,49%,11.0,19%,18.0,32%,,,57.0,FS19,2019-10-01,eoir_adjudication_stats_2019-11-13 02:08:38.pdf
320,SAMOA,,,,,,,,,,FS19,2019-10-01,eoir_adjudication_stats_2019-11-13 02:08:38.pdf
321,SAUDI ARABIA,10.0,26%,11.0,29%,17.0,45%,,,38.0,FS19,2019-10-01,eoir_adjudication_stats_2019-11-13 02:08:38.pdf
322,SENEGAL,12.0,16%,18.0,24%,44.0,59%,,,74.0,FS19,2019-10-01,eoir_adjudication_stats_2019-11-13 02:08:38.pdf
323,SERBIAMONTENEGRO,,,5.0,,15.0,,,,,FS19,2019-10-01,eoir_adjudication_stats_2019-11-13 02:08:38.pdf
324,SIERRA LEONE,21.0,,18.0,,,,,,,FS19,2019-10-01,eoir_adjudication_stats_2019-11-13 02:08:38.pdf
325,SINGAPORE,,,,,,,,,,FS19,2019-10-01,eoir_adjudication_stats_2019-11-13 02:08:38.pdf
326,SLOVAK REPUBLIC,,,,,,,,,,FS19,2019-10-01,eoir_adjudication_stats_2019-11-13 02:08:38.pdf
327,SLOVENIA,,,,,,,,,,FS19,2019-10-01,eoir_adjudication_stats_2019-11-13 02:08:38.pdf
328,SOMALIA,31.0,22%,50.0,36%,58.0,42%,,,139.0,FS19,2019-10-01,eoir_adjudication_stats_2019-11-13 02:08:38.pdf
329,SOUTH AFRICA,5.0,20%,10.0,40%,10.0,40%,,,25.0,FS19,2019-10-01,eoir_adjudication_stats_2019-11-13 02:08:38.pdf
330,SOUTH KOREA,,,13.0,,18.0,,,,,FS19,2019-10-01,eoir_adjudication_stats_2019-11-13 02:08:38.pdf
331,SOUTH SUDAN,,,10.0,,5.0,,,,,FS19,2019-10-01,eoir_adjudication_stats_2019-11-13 02:08:38.pdf
332,SPAIN,,,7.0,,14.0,,,,,FS19,2019-10-01,eoir_adjudication_stats_2019-11-13 02:08:38.pdf
333,SRI LANKA,69.0,32%,80.0,37%,68.0,31%,,,217.0,FS19,2019-10-01,eoir_adjudication_stats_2019-11-13 02:08:38.pdf
334,URUGUAY,,,,,17.0,,,,,FS19,2019-10-01,eoir_adjudication_stats_2019-11-13 02:08:38.pdf
335,UZEBEKISTAN,88.0,40%,57.0,26%,77.0,35%,,,222.0,FS19,2019-10-01,eoir_adjudication_stats_2019-11-13 02:08:38.pdf
336,VENEZUELA,492.0,30%,264.0,16%,885.0,54%,,,1641.0,FS19,2019-10-01,eoir_adjudication_stats_2019-11-13 02:08:38.pdf
337,VIETNAM,37.0,33%,41.0,37%,34.0,30%,,,112.0,FS19,2019-10-01,eoir_adjudication_stats_2019-11-13 02:08:38.pdf
338,YEMEN,19.0,30%,18.0,28%,27.0,42%,,,64.0,FS19,2019-10-01,eoir_adjudication_stats_2019-11-13 02:08:38.pdf
339,YUGOSLAVIA,10.0,45%,4.0,18%,8.0,36%,,,22.0,FS19,2019-10-01,eoir_adjudication_stats_2019-11-13 02:08:38.pdf
340,ZAMBIA,,,,,7.0,,,,,FS19,2019-10-01,eoir_adjudication_stats_2019-11-13 02:08:38.pdf
341,ZIMBABWE,12.0,32%,11.0,29%,15.0,39%,,,38.0,FS19,2019-10-01,eoir_adjudication_stats_2019-11-13 02:08:38.pdf
342,AFGHANISTAN,19.0,59%,5.0,16%,8.0,25%,,,32.0,FS20,2020-07-01,eoir_adjudication_stats_2020-08-01 19:34:30.pdf
343,ALBANIA,70.0,61%,31.0,27%,14.0,12%,,,115.0,FS20,2020-07-01,eoir_adjudication_stats_2020-08-01 19:34:30.pdf
344,ALGERIA,,,4.0,,7.0,,,,,FS20,2020-07-01,eoir_adjudication_stats_2020-08-01 19:34:30.pdf
345,ANGOLA,13.0,25%,33.0,62%,7.0,13%,,,53.0,FS20,2020-07-01,eoir_adjudication_stats_2020-08-01 19:34:30.pdf
346,ARGENTINA,,,10.0,,8.0,,,,,FS20,2020-07-01,eoir_adjudication_stats_2020-08-01 19:34:30.pdf
347,ARMENIA,52.0,37%,41.0,29%,49.0,35%,,,142.0,FS20,2020-07-01,eoir_adjudication_stats_2020-08-01 19:34:30.pdf
348,AUSTRALIA,,,,,,,,,,FS20,2020-07-01,eoir_adjudication_stats_2020-08-01 19:34:30.pdf
349,AZERBAIJAN,13.0,,,,12.0,,,,,FS20,2020-07-01,eoir_adjudication_stats_2020-08-01 19:34:30.pdf
350,BAHAMAS,,,6.0,,,,,,,FS20,2020-07-01,eoir_adjudication_stats_2020-08-01 19:34:30.pdf
351,BANGLADESH,271.0,55%,148.0,30%,78.0,16%,,,497.0,FS20,2020-07-01,eoir_adjudication_stats_2020-08-01 19:34:30.pdf
352,BARBADOS,,,,,,,,,,FS20,2020-07-01,eoir_adjudication_stats_2020-08-01 19:34:30.pdf
353,BELARUS,23.0,46%,6.0,12%,21.0,42%,,,50.0,FS20,2020-07-01,eoir_adjudication_stats_2020-08-01 19:34:30.pdf
354,BELIZE,4.0,19%,11.0,52%,6.0,29%,,,21.0,FS20,2020-07-01,eoir_adjudication_stats_2020-08-01 19:34:30.pdf
355,BENIN,,,,,5.0,,,,,FS20,2020-07-01,eoir_adjudication_stats_2020-08-01 19:34:30.pdf
356,BERMUDA,,,,,,,,,,FS20,2020-07-01,eoir_adjudication_stats_2020-08-01 19:34:30.pdf
357,BHUTAN,,,5.0,,6.0,,,,,FS20,2020-07-01,eoir_adjudication_stats_2020-08-01 19:34:30.pdf
358,BOLIVIA,,,6.0,,16.0,,,,,FS20,2020-07-01,eoir_adjudication_stats_2020-08-01 19:34:30.pdf
359,BOSNIA-HERZEGOVINA,,,13.0,,5.0,,,,,FS20,2020-07-01,eoir_adjudication_stats_2020-08-01 19:34:30.pdf
360,BRAZIL,43.0,8%,287.0,52%,227.0,41%,,,557.0,FS20,2020-07-01,eoir_adjudication_stats_2020-08-01 19:34:30.pdf
361,BULGARIA,,,,,7.0,,,,,FS20,2020-07-01,eoir_adjudication_stats_2020-08-01 19:34:30.pdf
362,BURKINA FASO,56.0,62%,24.0,26%,11.0,12%,,,91.0,FS20,2020-07-01,eoir_adjudication_stats_2020-08-01 19:34:30.pdf
363,BURMA (MYANMAR),11.0,34%,12.0,38%,9.0,28%,,,32.0,FS20,2020-07-01,eoir_adjudication_stats_2020-08-01 19:34:30.pdf
364,BURUNDI,16.0,50%,8.0,25%,8.0,25%,,,32.0,FS20,2020-07-01,eoir_adjudication_stats_2020-08-01 19:34:30.pdf
365,BYELORUSSIA(BELARUS),,,,,,,,,,FS20,2020-07-01,eoir_adjudication_stats_2020-08-01 19:34:30.pdf
366,CAMBODIA,,,8.0,,,,,,,FS20,2020-07-01,eoir_adjudication_stats_2020-08-01 19:34:30.pdf
367,CAMEROON,488.0,42%,620.0,53%,53.0,5%,,,1161.0,FS20,2020-07-01,eoir_adjudication_stats_2020-08-01 19:34:30.pdf
368,CANADA,,,,,4.0,,,,,FS20,2020-07-01,eoir_adjudication_stats_2020-08-01 19:34:30.pdf
369,CAPE VERDE,,,,,,,,,,FS20,2020-07-01,eoir_adjudication_stats_2020-08-01 19:34:30.pdf
370,CENTRAL AFRICANREPUBLIC,,,,,,,,,,FS20,2020-07-01,eoir_adjudication_stats_2020-08-01 19:34:30.pdf
371,CHAD,4.0,,,,4.0,,,,,FS20,2020-07-01,eoir_adjudication_stats_2020-08-01 19:34:30.pdf
372,CHILE,,,7.0,,,,,,,FS20,2020-07-01,eoir_adjudication_stats_2020-08-01 19:34:30.pdf
373,CHINA,1899.0,59%,557.0,17%,750.0,23%,,,3206.0,FS20,2020-07-01,eoir_adjudication_stats_2020-08-01 19:34:30.pdf
374,COLOMBIA,36.0,13%,121.0,43%,122.0,44%,,,279.0,FS20,2020-07-01,eoir_adjudication_stats_2020-08-01 19:34:30.pdf
375,CONGO,16.0,26%,26.0,43%,19.0,31%,,,61.0,FS20,2020-07-01,eoir_adjudication_stats_2020-08-01 19:34:30.pdf
376,COSTA RICA,,,6.0,,15.0,,,,,FS20,2020-07-01,eoir_adjudication_stats_2020-08-01 19:34:30.pdf
377,CROATIA,,,,,,,,,,FS20,2020-07-01,eoir_adjudication_stats_2020-08-01 19:34:30.pdf
378,CUBA,1091.0,25%,2195.0,51%,1000.0,23%,,,4286.0,FS20,2020-07-01,eoir_adjudication_stats_2020-08-01 19:34:30.pdf
379,CZECH REPUBLIC,,,,,,,,,,FS20,2020-07-01,eoir_adjudication_stats_2020-08-01 19:34:30.pdf
380,DEMOCRATICREPUBLIC OF CONGO,36.0,31%,56.0,48%,24.0,21%,,,116.0,FS20,2020-07-01,eoir_adjudication_stats_2020-08-01 19:34:30.pdf
381,DENMARK,,,,,,,,,,FS20,2020-07-01,eoir_adjudication_stats_2020-08-01 19:34:30.pdf
382,DJIBOUTI,6.0,,,,,,,,,FS20,2020-07-01,eoir_adjudication_stats_2020-08-01 19:34:30.pdf
383,DOMINICANREPUBLIC,16.0,11%,62.0,43%,66.0,46%,,,144.0,FS20,2020-07-01,eoir_adjudication_stats_2020-08-01 19:34:30.pdf
384,ECUADOR,84.0,7%,466.0,37%,706.0,56%,,,1256.0,FS20,2020-07-01,eoir_adjudication_stats_2020-08-01 19:34:30.pdf
385,EGYPT,104.0,56%,24.0,13%,59.0,32%,,,187.0,FS20,2020-07-01,eoir_adjudication_stats_2020-08-01 19:34:30.pdf
386,EL SALVADOR,1556.0,14%,7765.0,68%,2147.0,19%,,,11468.0,FS20,2020-07-01,eoir_adjudication_stats_2020-08-01 19:34:30.pdf
387,EQUATORIAL GUINEA,,,,,,,,,,FS20,2020-07-01,eoir_adjudication_stats_2020-08-01 19:34:30.pdf
388,ERITREA,84.0,51%,66.0,40%,14.0,9%,,,164.0,FS20,2020-07-01,eoir_adjudication_stats_2020-08-01 19:34:30.pdf
389,ETHIOPIA,59.0,52%,30.0,27%,24.0,21%,,,113.0,FS20,2020-07-01,eoir_adjudication_stats_2020-08-01 19:34:30.pdf
390,FEDERATED STATESOF MICRONESIA,,,,,,,,,,FS20,2020-07-01,eoir_adjudication_stats_2020-08-01 19:34:30.pdf
391,FIJI,,,11.0,,4.0,,,,,FS20,2020-07-01,eoir_adjudication_stats_2020-08-01 19:34:30.pdf
392,Former Countries,116.0,65%,13.0,7%,50.0,28%,,,179.0,FS20,2020-07-01,eoir_adjudication_stats_2020-08-01 19:34:30.pdf
393,FRANCE,,,,,6.0,,,,,FS20,2020-07-01,eoir_adjudication_stats_2020-08-01 19:34:30.pdf
394,FRENCH GUIANA,,,,,,,,,,FS20,2020-07-01,eoir_adjudication_stats_2020-08-01 19:34:30.pdf
395,GABON,,,,,,,,,,FS20,2020-07-01,eoir_adjudication_stats_2020-08-01 19:34:30.pdf
396,GAMBIA,7.0,20%,7.0,20%,21.0,60%,,,35.0,FS20,2020-07-01,eoir_adjudication_stats_2020-08-01 19:34:30.pdf
397,GEORGIA,28.0,28%,46.0,46%,27.0,27%,,,101.0,FS20,2020-07-01,eoir_adjudication_stats_2020-08-01 19:34:30.pdf
398,GERMANY,,,,,,,,,,FS20,2020-07-01,eoir_adjudication_stats_2020-08-01 19:34:30.pdf
399,GHANA,23.0,21%,41.0,37%,48.0,43%,,,112.0,FS20,2020-07-01,eoir_adjudication_stats_2020-08-01 19:34:30.pdf
400,GRENADA,,,,,,,,,,FS20,2020-07-01,eoir_adjudication_stats_2020-08-01 19:34:30.pdf
401,GUADELOUPE,,,,,,,,,,FS20,2020-07-01,eoir_adjudication_stats_2020-08-01 19:34:30.pdf
402,GUATEMALA,1328.0,10%,9049.0,68%,2990.0,22%,,,13367.0,FS20,2020-07-01,eoir_adjudication_stats_2020-08-01 19:34:30.pdf
403,GUINEA,29.0,40%,22.0,30%,22.0,30%,,,73.0,FS20,2020-07-01,eoir_adjudication_stats_2020-08-01 19:34:30.pdf
404,GUINEA BISSAU,,,,,,,,,,FS20,2020-07-01,eoir_adjudication_stats_2020-08-01 19:34:30.pdf
405,GUYANA,,,16.0,,12.0,,,,,FS20,2020-07-01,eoir_adjudication_stats_2020-08-01 19:34:30.pdf
406,HAITI,45.0,6%,489.0,61%,268.0,33%,,,802.0,FS20,2020-07-01,eoir_adjudication_stats_2020-08-01 19:34:30.pdf
407,HOLLAND,,,,,,,,,,FS20,2020-07-01,eoir_adjudication_stats_2020-08-01 19:34:30.pdf
408,HONDURAS,922.0,8%,7728.0,69%,2586.0,23%,,,11236.0,FS20,2020-07-01,eoir_adjudication_stats_2020-08-01 19:34:30.pdf
409,HUNGARY,,,,,,,,,,FS20,2020-07-01,eoir_adjudication_stats_2020-08-01 19:34:30.pdf
410,INDIA,1141.0,53%,684.0,32%,343.0,16%,,,2168.0,FS20,2020-07-01,eoir_adjudication_stats_2020-08-01 19:34:30.pdf
411,INDONESIA,23.0,33%,16.0,23%,30.0,43%,,,69.0,FS20,2020-07-01,eoir_adjudication_stats_2020-08-01 19:34:30.pdf
412,IRAN,47.0,61%,6.0,8%,24.0,31%,,,77.0,FS20,2020-07-01,eoir_adjudication_stats_2020-08-01 19:34:30.pdf
413,IRAQ,85.0,51%,40.0,24%,43.0,26%,,,168.0,FS20,2020-07-01,eoir_adjudication_stats_2020-08-01 19:34:30.pdf
414,IRELAND,,,,,,,,,,FS20,2020-07-01,eoir_adjudication_stats_2020-08-01 19:34:30.pdf
415,ISRAEL,,,,,17.0,,,,,FS20,2020-07-01,eoir_adjudication_stats_2020-08-01 19:34:30.pdf
416,ITALY,,,,,,,,,,FS20,2020-07-01,eoir_adjudication_stats_2020-08-01 19:34:30.pdf
417,IVORY COAST (COTED'IVOIRE),17.0,37%,13.0,28%,16.0,35%,,,46.0,FS20,2020-07-01,eoir_adjudication_stats_2020-08-01 19:34:30.pdf
418,JAMAICA,4.0,3%,80.0,60%,49.0,37%,,,133.0,FS20,2020-07-01,eoir_adjudication_stats_2020-08-01 19:34:30.pdf
419,JAPAN,,,,,,,,,,FS20,2020-07-01,eoir_adjudication_stats_2020-08-01 19:34:30.pdf
420,JORDAN,6.0,12%,16.0,32%,28.0,56%,,,50.0,FS20,2020-07-01,eoir_adjudication_stats_2020-08-01 19:34:30.pdf
421,KAZAKHSTAN,20.0,37%,13.0,24%,21.0,39%,,,54.0,FS20,2020-07-01,eoir_adjudication_stats_2020-08-01 19:34:30.pdf
422,KENYA,24.0,30%,28.0,35%,29.0,36%,,,81.0,FS20,2020-07-01,eoir_adjudication_stats_2020-08-01 19:34:30.pdf
423,KIRGHIZIA(KYRGYZSTAN),52.0,58%,22.0,24%,16.0,18%,,,90.0,FS20,2020-07-01,eoir_adjudication_stats_2020-08-01 19:34:30.pdf
424,KIRIBATI,,,,,,,,,,FS20,2020-07-01,eoir_adjudication_stats_2020-08-01 19:34:30.pdf
425,KOSOVO,15.0,52%,7.0,24%,7.0,24%,,,29.0,FS20,2020-07-01,eoir_adjudication_stats_2020-08-01 19:34:30.pdf
426,KUWAIT,6.0,,5.0,,,,,,,FS20,2020-07-01,eoir_adjudication_stats_2020-08-01 19:34:30.pdf
427,LAOS,,,10.0,,17.0,,,,,FS20,2020-07-01,eoir_adjudication_stats_2020-08-01 19:34:30.pdf
428,LATVIA,,,,,,,,,,FS20,2020-07-01,eoir_adjudication_stats_2020-08-01 19:34:30.pdf
429,LEBANON,4.0,22%,4.0,22%,10.0,56%,,,18.0,FS20,2020-07-01,eoir_adjudication_stats_2020-08-01 19:34:30.pdf
430,LIBERIA,17.0,24%,25.0,36%,28.0,40%,,,70.0,FS20,2020-07-01,eoir_adjudication_stats_2020-08-01 19:34:30.pdf
431,LIBYA,10.0,26%,8.0,21%,20.0,53%,,,38.0,FS20,2020-07-01,eoir_adjudication_stats_2020-08-01 19:34:30.pdf
432,LITHUANIA,,,,,,,,,,FS20,2020-07-01,eoir_adjudication_stats_2020-08-01 19:34:30.pdf
433,MACEDONIA,,,,,6.0,,,,,FS20,2020-07-01,eoir_adjudication_stats_2020-08-01 19:34:30.pdf
434,MALAWI,,,,,,,,,,FS20,2020-07-01,eoir_adjudication_stats_2020-08-01 19:34:30.pdf
435,MALAYSIA,,,,,8.0,,,,,FS20,2020-07-01,eoir_adjudication_stats_2020-08-01 19:34:30.pdf
436,MALI,10.0,28%,8.0,22%,18.0,50%,,,36.0,FS20,2020-07-01,eoir_adjudication_stats_2020-08-01 19:34:30.pdf
437,MAURITANIA,18.0,35%,20.0,38%,14.0,27%,,,52.0,FS20,2020-07-01,eoir_adjudication_stats_2020-08-01 19:34:30.pdf
438,MAURITIUS,,,,,,,,,,FS20,2020-07-01,eoir_adjudication_stats_2020-08-01 19:34:30.pdf
439,MEXICO,664.0,7%,4672.0,53%,3553.0,40%,,,8889.0,FS20,2020-07-01,eoir_adjudication_stats_2020-08-01 19:34:30.pdf
440,MOLDAVIA(MOLDOVA),33.0,52%,13.0,20%,18.0,28%,,,64.0,FS20,2020-07-01,eoir_adjudication_stats_2020-08-01 19:34:30.pdf
441,MONGOLIA,11.0,32%,8.0,24%,15.0,44%,,,34.0,FS20,2020-07-01,eoir_adjudication_stats_2020-08-01 19:34:30.pdf
442,MONTENEGRO,,,,,,,,,,FS20,2020-07-01,eoir_adjudication_stats_2020-08-01 19:34:30.pdf
443,MOROCCO,,,5.0,,9.0,,,,,FS20,2020-07-01,eoir_adjudication_stats_2020-08-01 19:34:30.pdf
444,MOZAMBIQUE,,,,,,,,,,FS20,2020-07-01,eoir_adjudication_stats_2020-08-01 19:34:30.pdf
445,NAMIBIA,,,,,,,,,,FS20,2020-07-01,eoir_adjudication_stats_2020-08-01 19:34:30.pdf
446,NEPAL,293.0,64%,111.0,24%,52.0,11%,,,456.0,FS20,2020-07-01,eoir_adjudication_stats_2020-08-01 19:34:30.pdf
447,NETHERLANDS,,,,,,,,,,FS20,2020-07-01,eoir_adjudication_stats_2020-08-01 19:34:30.pdf
448,NICARAGUA,339.0,29%,607.0,53%,208.0,18%,,,1154.0,FS20,2020-07-01,eoir_adjudication_stats_2020-08-01 19:34:30.pdf
449,NIGER,,,,,7.0,,,,,FS20,2020-07-01,eoir_adjudication_stats_2020-08-01 19:34:30.pdf
450,NIGERIA,126.0,42%,79.0,26%,97.0,32%,,,302.0,FS20,2020-07-01,eoir_adjudication_stats_2020-08-01 19:34:30.pdf
451,NIUE,,,,,,,,,,FS20,2020-07-01,eoir_adjudication_stats_2020-08-01 19:34:30.pdf
452,OMAN,4.0,,,,,,,,,FS20,2020-07-01,eoir_adjudication_stats_2020-08-01 19:34:30.pdf
453,PAKISTAN,86.0,37%,67.0,29%,82.0,35%,,,235.0,FS20,2020-07-01,eoir_adjudication_stats_2020-08-01 19:34:30.pdf
454,PALESTINE,4.0,,7.0,,,,,,,FS20,2020-07-01,eoir_adjudication_stats_2020-08-01 19:34:30.pdf
455,PANAMA,,,,,,,,,,FS20,2020-07-01,eoir_adjudication_stats_2020-08-01 19:34:30.pdf
456,PARAGUAY,,,,,5.0,,,,,FS20,2020-07-01,eoir_adjudication_stats_2020-08-01 19:34:30.pdf
457,PEOPLE'S REPUBLICOF BENIN,,,,,,,,,,FS20,2020-07-01,eoir_adjudication_stats_2020-08-01 19:34:30.pdf
458,PERU,14.0,7%,106.0,53%,79.0,40%,,,199.0,FS20,2020-07-01,eoir_adjudication_stats_2020-08-01 19:34:30.pdf
459,PHILIPPINES,8.0,11%,26.0,35%,41.0,55%,,,75.0,FS20,2020-07-01,eoir_adjudication_stats_2020-08-01 19:34:30.pdf
460,POLAND,,,,,29.0,,,,,FS20,2020-07-01,eoir_adjudication_stats_2020-08-01 19:34:30.pdf
461,PORTUGAL,,,,,,,,,,FS20,2020-07-01,eoir_adjudication_stats_2020-08-01 19:34:30.pdf
462,QATAR,,,,,,,,,,FS20,2020-07-01,eoir_adjudication_stats_2020-08-01 19:34:30.pdf
463,ROMANIA,31.0,13%,95.0,38%,121.0,49%,,,247.0,FS20,2020-07-01,eoir_adjudication_stats_2020-08-01 19:34:30.pdf
464,RUSSIA,227.0,54%,111.0,26%,81.0,19%,,,419.0,FS20,2020-07-01,eoir_adjudication_stats_2020-08-01 19:34:30.pdf
465,RWANDA,24.0,46%,15.0,29%,13.0,25%,,,52.0,FS20,2020-07-01,eoir_adjudication_stats_2020-08-01 19:34:30.pdf
466,SAO TOME ANDPRINCIPE,,,,,,,,,,FS20,2020-07-01,eoir_adjudication_stats_2020-08-01 19:34:30.pdf
467,SAUDI ARABIA,11.0,41%,9.0,33%,7.0,26%,,,27.0,FS20,2020-07-01,eoir_adjudication_stats_2020-08-01 19:34:30.pdf
468,SENEGAL,9.0,23%,15.0,38%,16.0,40%,,,40.0,FS20,2020-07-01,eoir_adjudication_stats_2020-08-01 19:34:30.pdf
469,SERBIAMONTENEGRO,4.0,25%,5.0,31%,7.0,44%,,,16.0,FS20,2020-07-01,eoir_adjudication_stats_2020-08-01 19:34:30.pdf
470,SIERRA LEONE,4.0,14%,14.0,50%,10.0,36%,,,28.0,FS20,2020-07-01,eoir_adjudication_stats_2020-08-01 19:34:30.pdf
471,SINGAPORE,,,,,,,,,,FS20,2020-07-01,eoir_adjudication_stats_2020-08-01 19:34:30.pdf
472,SLOVAK REPUBLIC,,,,,,,,,,FS20,2020-07-01,eoir_adjudication_stats_2020-08-01 19:34:30.pdf
473,SOMALIA,11.0,15%,25.0,35%,35.0,49%,,,71.0,FS20,2020-07-01,eoir_adjudication_stats_2020-08-01 19:34:30.pdf
474,SOUTH AFRICA,,,14.0,,,,,,,FS20,2020-07-01,eoir_adjudication_stats_2020-08-01 19:34:30.pdf
475,SOUTH KOREA,,,,,13.0,,,,,FS20,2020-07-01,eoir_adjudication_stats_2020-08-01 19:34:30.pdf
476,SOUTH SUDAN,,,10.0,,,,,,,FS20,2020-07-01,eoir_adjudication_stats_2020-08-01 19:34:30.pdf
477,SPAIN,,,,,,,,,,FS20,2020-07-01,eoir_adjudication_stats_2020-08-01 19:34:30.pdf
478,SRI LANKA,48.0,39%,45.0,37%,30.0,24%,,,123.0,FS20,2020-07-01,eoir_adjudication_stats_2020-08-01 19:34:30.pdf
479,"ST. KITTS, WESTINDIES",,,,,,,,,,FS20,2020-07-01,eoir_adjudication_stats_2020-08-01 19:34:30.pdf
480,ST. LUCIA,,,,,,,,,,FS20,2020-07-01,eoir_adjudication_stats_2020-08-01 19:34:30.pdf
481,ST. VINCENT AND THEGRENADINES,,,,,,,,,,FS20,2020-07-01,eoir_adjudication_stats_2020-08-01 19:34:30.pdf
482,STATELESS - ALIENUNABLE TO NAME ACOUNTRY,10.0,,,,7.0,,,,,FS20,2020-07-01,eoir_adjudication_stats_2020-08-01 19:34:30.pdf
483,SUDAN,7.0,16%,18.0,42%,18.0,42%,,,43.0,FS20,2020-07-01,eoir_adjudication_stats_2020-08-01 19:34:30.pdf
484,SURINAME,,,,,,,,,,FS20,2020-07-01,eoir_adjudication_stats_2020-08-01 19:34:30.pdf
485,SWEDEN,,,,,,,,,,FS20,2020-07-01,eoir_adjudication_stats_2020-08-01 19:34:30.pdf
486,SYRIA,60.0,63%,11.0,12%,24.0,25%,,,95.0,FS20,2020-07-01,eoir_adjudication_stats_2020-08-01 19:34:30.pdf
487,TAIWAN,,,,,,,,,,FS20,2020-07-01,eoir_adjudication_stats_2020-08-01 19:34:30.pdf
488,TAJIKISTAN (TADZHIK),9.0,,4.0,,,,,,,FS20,2020-07-01,eoir_adjudication_stats_2020-08-01 19:34:30.pdf
489,URUGUAY,,,,,,,,,,FS20,2020-07-01,eoir_adjudication_stats_2020-08-01 19:34:30.pdf
490,UZEBEKISTAN,81.0,54%,50.0,33%,20.0,13%,,,151.0,FS20,2020-07-01,eoir_adjudication_stats_2020-08-01 19:34:30.pdf
491,VANUATU,,,,,,,,,,FS20,2020-07-01,eoir_adjudication_stats_2020-08-01 19:34:30.pdf
492,VENEZUELA,825.0,40%,823.0,40%,401.0,20%,,,2049.0,FS20,2020-07-01,eoir_adjudication_stats_2020-08-01 19:34:30.pdf
493,VIETNAM,77.0,52%,51.0,34%,21.0,14%,,,149.0,FS20,2020-07-01,eoir_adjudication_stats_2020-08-01 19:34:30.pdf
494,YEMEN,18.0,41%,14.0,32%,12.0,27%,,,44.0,FS20,2020-07-01,eoir_adjudication_stats_2020-08-01 19:34:30.pdf
495,ZAMBIA,,,,,,,,,,FS20,2020-07-01,eoir_adjudication_stats_2020-08-01 19:34:30.pdf
496,ZIMBABWE,8.0,,,,,,,,,FS20,2020-07-01,eoir_adjudication_stats_2020-08-01 19:34:30.pdf
497,AFGHANISTAN,,,5.0,,,,,,,FS21,2021-01-01,eoir_adjudication_stats_2021-01-19 23:28:15.pdf
498,ALBANIA,,,,,,,,,,FS21,2021-01-01,eoir_adjudication_stats_2021-01-19 23:28:15.pdf
499,ANGOLA,,,18.0,,,,,,,FS21,2021-01-01,eoir_adjudication_stats_2021-01-19 23:28:15.pdf
500,ANTIGUA ANDBARBUDA,,,,,,,,,,FS21,2021-01-01,eoir_adjudication_stats_2021-01-19 23:28:15.pdf
501,ARGENTINA,,,,,,,,,,FS21,2021-01-01,eoir_adjudication_stats_2021-01-19 23:28:15.pdf
502,ARMENIA,7.0,,7.0,,,,,,,FS21,2021-01-01,eoir_adjudication_stats_2021-01-19 23:28:15.pdf
503,AZERBAIJAN,11.0,,,,,,,,,FS21,2021-01-01,eoir_adjudication_stats_2021-01-19 23:28:15.pdf
504,BAHAMAS,,,,,,,,,,FS21,2021-01-01,eoir_adjudication_stats_2021-01-19 23:28:15.pdf
505,BANGLADESH,15.0,45%,12.0,36%,6.0,18%,,,33.0,FS21,2021-01-01,eoir_adjudication_stats_2021-01-19 23:28:15.pdf
506,BELARUS,,,,,,,,,,FS21,2021-01-01,eoir_adjudication_stats_2021-01-19 23:28:15.pdf
507,BELIZE,,,,,,,,,,FS21,2021-01-01,eoir_adjudication_stats_2021-01-19 23:28:15.pdf
508,BENIN,,,6.0,,,,,,,FS21,2021-01-01,eoir_adjudication_stats_2021-01-19 23:28:15.pdf
509,BHUTAN,,,,,,,,,,FS21,2021-01-01,eoir_adjudication_stats_2021-01-19 23:28:15.pdf
510,BOLIVIA,,,,,,,,,,FS21,2021-01-01,eoir_adjudication_stats_2021-01-19 23:28:15.pdf
511,BOSNIA-HERZEGOVINA,,,,,,,,,,FS21,2021-01-01,eoir_adjudication_stats_2021-01-19 23:28:15.pdf
512,BRAZIL,13.0,13%,63.0,64%,23.0,23%,,,99.0,FS21,2021-01-01,eoir_adjudication_stats_2021-01-19 23:28:15.pdf
513,BULGARIA,,,,,,,,,,FS21,2021-01-01,eoir_adjudication_stats_2021-01-19 23:28:15.pdf
514,BURKINA FASO,,,5.0,,,,,,,FS21,2021-01-01,eoir_adjudication_stats_2021-01-19 23:28:15.pdf
515,BURMA (MYANMAR),,,,,,,,,,FS21,2021-01-01,eoir_adjudication_stats_2021-01-19 23:28:15.pdf
516,BURUNDI,,,,,,,,,,FS21,2021-01-01,eoir_adjudication_stats_2021-01-19 23:28:15.pdf
517,CAMBODIA,4.0,,,,,,,,,FS21,2021-01-01,eoir_adjudication_stats_2021-01-19 23:28:15.pdf
518,CAMEROON,45.0,59%,26.0,34%,5.0,7%,,,76.0,FS21,2021-01-01,eoir_adjudication_stats_2021-01-19 23:28:15.pdf
519,CANADA,,,,,,,,,,FS21,2021-01-01,eoir_adjudication_stats_2021-01-19 23:28:15.pdf
520,CAPE VERDE,,,,,,,,,,FS21,2021-01-01,eoir_adjudication_stats_2021-01-19 23:28:15.pdf
521,CHILE,,,,,,,,,,FS21,2021-01-01,eoir_adjudication_stats_2021-01-19 23:28:15.pdf
522,CHINA,92.0,46%,29.0,14%,80.0,40%,,,201.0,FS21,2021-01-01,eoir_adjudication_stats_2021-01-19 23:28:15.pdf
523,COLOMBIA,22.0,33%,27.0,40%,18.0,27%,,,67.0,FS21,2021-01-01,eoir_adjudication_stats_2021-01-19 23:28:15.pdf
524,CONGO,,,,,,,,,,FS21,2021-01-01,eoir_adjudication_stats_2021-01-19 23:28:15.pdf
525,COSTA RICA,,,,,,,,,,FS21,2021-01-01,eoir_adjudication_stats_2021-01-19 23:28:15.pdf
526,CUBA,42.0,9%,62.0,14%,346.0,77%,,,450.0,FS21,2021-01-01,eoir_adjudication_stats_2021-01-19 23:28:15.pdf
527,CZECH REPUBLIC,,,,,,,,,,FS21,2021-01-01,eoir_adjudication_stats_2021-01-19 23:28:15.pdf
528,DEMOCRATICREPUBLIC OF CONGO,8.0,,4.0,,,,,,,FS21,2021-01-01,eoir_adjudication_stats_2021-01-19 23:28:15.pdf
529,DJIBOUTI,,,,,,,,,,FS21,2021-01-01,eoir_adjudication_stats_2021-01-19 23:28:15.pdf
530,DOMINICANREPUBLIC,,,18.0,,14.0,,,,,FS21,2021-01-01,eoir_adjudication_stats_2021-01-19 23:28:15.pdf
531,ECUADOR,4.0,3%,70.0,58%,46.0,38%,,,120.0,FS21,2021-01-01,eoir_adjudication_stats_2021-01-19 23:28:15.pdf
532,EGYPT,6.0,38*,5.0,31%,5.0,31%,,,16.0,FS21,2021-01-01,eoir_adjudication_stats_2021-01-19 23:28:15.pdf
533,EL SALVADOR,260.0,16%,940.0,59%,398.0,25%,,,1598.0,FS21,2021-01-01,eoir_adjudication_stats_2021-01-19 23:28:15.pdf
534,EQUATORIAL GUINEA,,,,,,,,,,FS21,2021-01-01,eoir_adjudication_stats_2021-01-19 23:28:15.pdf
535,ERITREA,8.0,47%,4.0,24%,5.0,29%,,,17.0,FS21,2021-01-01,eoir_adjudication_stats_2021-01-19 23:28:15.pdf
536,ESTONIA,,,,,,,,,,FS21,2021-01-01,eoir_adjudication_stats_2021-01-19 23:28:15.pdf
537,ETHIOPIA,11.0,,,,5.0,,,,,FS21,2021-01-01,eoir_adjudication_stats_2021-01-19 23:28:15.pdf
538,FEDERATED STATESOF MICRONESIA,,,,,,,,,,FS21,2021-01-01,eoir_adjudication_stats_2021-01-19 23:28:15.pdf
539,FIJI,,,,,,,,,,FS21,2021-01-01,eoir_adjudication_stats_2021-01-19 23:28:15.pdf
540,Former Countries,,,,,,,,,,FS21,2021-01-01,eoir_adjudication_stats_2021-01-19 23:28:15.pdf
541,FRANCE,,,,,,,,,,FS21,2021-01-01,eoir_adjudication_stats_2021-01-19 23:28:15.pdf
542,GAMBIA,,,7.0,,,,,,,FS21,2021-01-01,eoir_adjudication_stats_2021-01-19 23:28:15.pdf
543,GEORGIA,,,,,,,,,,FS21,2021-01-01,eoir_adjudication_stats_2021-01-19 23:28:15.pdf
544,GERMANY,,,,,,,,,,FS21,2021-01-01,eoir_adjudication_stats_2021-01-19 23:28:15.pdf
545,GHANA,,,5.0,,10.0,,,,,FS21,2021-01-01,eoir_adjudication_stats_2021-01-19 23:28:15.pdf
546,GREECE,,,,,,,,,,FS21,2021-01-01,eoir_adjudication_stats_2021-01-19 23:28:15.pdf
547,GRENADA,,,,,,,,,,FS21,2021-01-01,eoir_adjudication_stats_2021-01-19 23:28:15.pdf
548,GUATEMALA,176.0,11%,1017.0,62%,443.0,27%,,,1636.0,FS21,2021-01-01,eoir_adjudication_stats_2021-01-19 23:28:15.pdf
549,GUINEA,6.0,,4.0,,,,,,,FS21,2021-01-01,eoir_adjudication_stats_2021-01-19 23:28:15.pdf
550,GUYANA,,,4.0,,4.0,,,,,FS21,2021-01-01,eoir_adjudication_stats_2021-01-19 23:28:15.pdf
551,HAITI,10.0,8%,74.0,58%,44.0,34%,,,128.0,FS21,2021-01-01,eoir_adjudication_stats_2021-01-19 23:28:15.pdf
552,HONDURAS,111.0,11%,675.0,65%,259.0,25%,,,1045.0,FS21,2021-01-01,eoir_adjudication_stats_2021-01-19 23:28:15.pdf
553,INDIA,122.0,58%,55.0,26%,35.0,17%,,,212.0,FS21,2021-01-01,eoir_adjudication_stats_2021-01-19 23:28:15.pdf
554,INDONESIA,,,,,6.0,,,,,FS21,2021-01-01,eoir_adjudication_stats_2021-01-19 23:28:15.pdf
555,IRAN,8.0,,,,,,,,,FS21,2021-01-01,eoir_adjudication_stats_2021-01-19 23:28:15.pdf
556,IRAQ,12.0,34%,4.0,11%,19.0,54%,,,35.0,FS21,2021-01-01,eoir_adjudication_stats_2021-01-19 23:28:15.pdf
557,ISRAEL,,,,,,,,,,FS21,2021-01-01,eoir_adjudication_stats_2021-01-19 23:28:15.pdf
558,IVORY COAST (COTED'IVOIRE),,,,,,,,,,FS21,2021-01-01,eoir_adjudication_stats_2021-01-19 23:28:15.pdf
559,JAMAICA,,,17.0,,4.0,,,,,FS21,2021-01-01,eoir_adjudication_stats_2021-01-19 23:28:15.pdf
560,JORDAN,,,4.0,,4.0,,,,,FS21,2021-01-01,eoir_adjudication_stats_2021-01-19 23:28:15.pdf
561,KAZAKHSTAN,7.0,,,,,,,,,FS21,2021-01-01,eoir_adjudication_stats_2021-01-19 23:28:15.pdf
562,KENYA,,,4.0,,,,,,,FS21,2021-01-01,eoir_adjudication_stats_2021-01-19 23:28:15.pdf
563,KIRGHIZIA(KYRGYZSTAN),13.0,,,,,,,,,FS21,2021-01-01,eoir_adjudication_stats_2021-01-19 23:28:15.pdf
564,KOSOVO,,,,,,,,,,FS21,2021-01-01,eoir_adjudication_stats_2021-01-19 23:28:15.pdf
565,LAOS,,,,,4.0,,,,,FS21,2021-01-01,eoir_adjudication_stats_2021-01-19 23:28:15.pdf
566,LEBANON,,,,,,,,,,FS21,2021-01-01,eoir_adjudication_stats_2021-01-19 23:28:15.pdf
567,LIBERIA,,,6.0,,17.0,,,,,FS21,2021-01-01,eoir_adjudication_stats_2021-01-19 23:28:15.pdf
568,LIBYA,,,,,,,,,,FS21,2021-01-01,eoir_adjudication_stats_2021-01-19 23:28:15.pdf
569,MALAYSIA,,,,,,,,,,FS21,2021-01-01,eoir_adjudication_stats_2021-01-19 23:28:15.pdf
570,MALI,5.0,,,,,,,,,FS21,2021-01-01,eoir_adjudication_stats_2021-01-19 23:28:15.pdf
571,MAURITANIA,,,,,,,,,,FS21,2021-01-01,eoir_adjudication_stats_2021-01-19 23:28:15.pdf
572,MEXICO,62.0,6%,606.0,57%,390.0,37%,,,1058.0,FS21,2021-01-01,eoir_adjudication_stats_2021-01-19 23:28:15.pdf
573,MOLDAVIA(MOLDOVA),5.0,,,,,,,,,FS21,2021-01-01,eoir_adjudication_stats_2021-01-19 23:28:15.pdf
574,MONGOLIA,,,,,6.0,,,,,FS21,2021-01-01,eoir_adjudication_stats_2021-01-19 23:28:15.pdf
575,MONTENEGRO,,,,,,,,,,FS21,2021-01-01,eoir_adjudication_stats_2021-01-19 23:28:15.pdf
576,MOROCCO,,,,,,,,,,FS21,2021-01-01,eoir_adjudication_stats_2021-01-19 23:28:15.pdf
577,NEPAL,21.0,62%,5.0,15%,8.0,24%,,,34.0,FS21,2021-01-01,eoir_adjudication_stats_2021-01-19 23:28:15.pdf
578,NICARAGUA,34.0,35%,43.0,45%,19.0,20%,,,96.0,FS21,2021-01-01,eoir_adjudication_stats_2021-01-19 23:28:15.pdf
579,NIGERIA,24.0,50%,9.0,19%,15.0,31%,,,48.0,FS21,2021-01-01,eoir_adjudication_stats_2021-01-19 23:28:15.pdf
580,PAKISTAN,13.0,41%,12.0,38%,7.0,22%,,,32.0,FS21,2021-01-01,eoir_adjudication_stats_2021-01-19 23:28:15.pdf
581,PANAMA,,,,,,,,,,FS21,2021-01-01,eoir_adjudication_stats_2021-01-19 23:28:15.pdf
582,PERU,,,19.0,,14.0,,,,,FS21,2021-01-01,eoir_adjudication_stats_2021-01-19 23:28:15.pdf
583,PHILIPPINES,,,,,6.0,,,,,FS21,2021-01-01,eoir_adjudication_stats_2021-01-19 23:28:15.pdf
584,POLAND,,,,,,,,,,FS21,2021-01-01,eoir_adjudication_stats_2021-01-19 23:28:15.pdf
585,ROMANIA,7.0,22%,9.0,28%,16.0,50%,,,32.0,FS21,2021-01-01,eoir_adjudication_stats_2021-01-19 23:28:15.pdf
586,RUSSIA,27.0,61%,9.0,20%,8.0,18%,,,44.0,FS21,2021-01-01,eoir_adjudication_stats_2021-01-19 23:28:15.pdf
587,RWANDA,8.0,,,,,,,,,FS21,2021-01-01,eoir_adjudication_stats_2021-01-19 23:28:15.pdf
588,SAUDI ARABIA,4.0,,,,,,,,,FS21,2021-01-01,eoir_adjudication_stats_2021-01-19 23:28:15.pdf
589,SENEGAL,,,,,,,,,,FS21,2021-01-01,eoir_adjudication_stats_2021-01-19 23:28:15.pdf
590,SERBIAMONTENEGRO,,,,,,,,,,FS21,2021-01-01,eoir_adjudication_stats_2021-01-19 23:28:15.pdf
591,SIERRA LEONE,,,,,,,,,,FS21,2021-01-01,eoir_adjudication_stats_2021-01-19 23:28:15.pdf
592,SLOVAK REPUBLIC,,,,,,,,,,FS21,2021-01-01,eoir_adjudication_stats_2021-01-19 23:28:15.pdf
593,SOMALIA,,,7.0,,6.0,,,,,FS21,2021-01-01,eoir_adjudication_stats_2021-01-19 23:28:15.pdf
594,SOUTH AFRICA,,,,,,,,,,FS21,2021-01-01,eoir_adjudication_stats_2021-01-19 23:28:15.pdf
595,SOUTH KOREA,,,,,,,,,,FS21,2021-01-01,eoir_adjudication_stats_2021-01-19 23:28:15.pdf
596,SOUTH SUDAN,,,4.0,,,,,,,FS21,2021-01-01,eoir_adjudication_stats_2021-01-19 23:28:15.pdf
597,SRI LANKA,,,7.0,,5.0,,,,,FS21,2021-01-01,eoir_adjudication_stats_2021-01-19 23:28:15.pdf
598,ST. LUCIA,,,,,,,,,,FS21,2021-01-01,eoir_adjudication_stats_2021-01-19 23:28:15.pdf
599,ST. VINCENT AND THEGRENADINES,,,,,,,,,,FS21,2021-01-01,eoir_adjudication_stats_2021-01-19 23:28:15.pdf
600,STATELESS - ALIENUNABLE TO NAME ACOUNTRY,,,,,,,,,,FS21,2021-01-01,eoir_adjudication_stats_2021-01-19 23:28:15.pdf
601,SUDAN,5.0,,4.0,,,,,,,FS21,2021-01-01,eoir_adjudication_stats_2021-01-19 23:28:15.pdf
602,SYRIA,14.0,,,,10.0,,,,,FS21,2021-01-01,eoir_adjudication_stats_2021-01-19 23:28:15.pdf
603,TAIWAN,,,,,,,,,,FS21,2021-01-01,eoir_adjudication_stats_2021-01-19 23:28:15.pdf
604,TAJIKISTAN (TADZHIK),4.0,,,,,,,,,FS21,2021-01-01,eoir_adjudication_stats_2021-01-19 23:28:15.pdf
605,TANZANIA,,,,,,,,,,FS21,2021-01-01,eoir_adjudication_stats_2021-01-19 23:28:15.pdf
606,THAILAND,,,,,,,,,,FS21,2021-01-01,eoir_adjudication_stats_2021-01-19 23:28:15.pdf
607,TOGO,,,,,,,,,,FS21,2021-01-01,eoir_adjudication_stats_2021-01-19 23:28:15.pdf
608,UZEBEKISTAN,,,,,,,,,,FS21,2021-01-01,eoir_adjudication_stats_2021-01-19 23:28:15.pdf
609,VENEZUELA,102.0,53%,56.0,29%,35.0,18%,,,193.0,FS21,2021-01-01,eoir_adjudication_stats_2021-01-19 23:28:15.pdf
610,VIETNAM,22.0,71%,4.0,13%,5.0,16%,,,31.0,FS21,2021-01-01,eoir_adjudication_stats_2021-01-19 23:28:15.pdf
611,YEMEN,6.0,,,,,,,,,FS21,2021-01-01,eoir_adjudication_stats_2021-01-19 23:28:15.pdf
612,ZAMBIA,,,,,,,,,,FS21,2021-01-01,eoir_adjudication_stats_2021-01-19 23:28:15.pdf
613,ZIMBABWE,,,,,,,,,,FS21,2021-01-01,eoir_adjudication_stats_2021-01-19 23:28:15.pdf
614,AFGHANISTAN,,,5.0,,,,,,,FS21,2021-04-01,eoir_adjudication_stats_2021-05-17 22:57:49.pdf
615,ALBANIA,,,4.0,,8.0,,,,,FS21,2021-04-01,eoir_adjudication_stats_2021-05-17 22:57:49.pdf
616,ALGERIA,,,,,,,,,,FS21,2021-04-01,eoir_adjudication_stats_2021-05-17 22:57:49.pdf
617,ANGOLA,5.0,17%,20.0,69%,4.0,14%,,,29.0,FS21,2021-04-01,eoir_adjudication_stats_2021-05-17 22:57:49.pdf
618,ANTIGUA ANDBARBUDA,,,,,,,,,,FS21,2021-04-01,eoir_adjudication_stats_2021-05-17 22:57:49.pdf
619,ARGENTINA,,,,,,,,,,FS21,2021-04-01,eoir_adjudication_stats_2021-05-17 22:57:49.pdf
620,ARMENIA,22.0,51%,8.0,19%,13.0,30%,,,43.0,FS21,2021-04-01,eoir_adjudication_stats_2021-05-17 22:57:49.pdf
621,AUSTRALIA,,,,,,,,,,FS21,2021-04-01,eoir_adjudication_stats_2021-05-17 22:57:49.pdf
622,AZERBAIJAN,11.0,,,,,,,,,FS21,2021-04-01,eoir_adjudication_stats_2021-05-17 22:57:49.pdf
623,BAHAMAS,,,,,,,,,,FS21,2021-04-01,eoir_adjudication_stats_2021-05-17 22:57:49.pdf
624,BAHRAIN,,,,,,,,,,FS21,2021-04-01,eoir_adjudication_stats_2021-05-17 22:57:49.pdf
625,BANGLADESH,16.0,28%,20.0,35%,21.0,37%,,,57.0,FS21,2021-04-01,eoir_adjudication_stats_2021-05-17 22:57:49.pdf
626,BARBADOS,,,,,,,,,,FS21,2021-04-01,eoir_adjudication_stats_2021-05-17 22:57:49.pdf
627,BELARUS,9.0,,,,4.0,,,,,FS21,2021-04-01,eoir_adjudication_stats_2021-05-17 22:57:49.pdf
628,BELIZE,,,,,4.0,,,,,FS21,2021-04-01,eoir_adjudication_stats_2021-05-17 22:57:49.pdf
629,BENIN,,,6.0,,,,,,,FS21,2021-04-01,eoir_adjudication_stats_2021-05-17 22:57:49.pdf
630,BHUTAN,,,,,,,,,,FS21,2021-04-01,eoir_adjudication_stats_2021-05-17 22:57:49.pdf
631,BOLIVIA,,,4.0,,9.0,,,,,FS21,2021-04-01,eoir_adjudication_stats_2021-05-17 22:57:49.pdf
632,BOSNIA-HERZEGOVINA,,,,,,,,,,FS21,2021-04-01,eoir_adjudication_stats_2021-05-17 22:57:49.pdf
633,BRAZIL,17.0,7%,116.0,51%,95.0,42%,,,228.0,FS21,2021-04-01,eoir_adjudication_stats_2021-05-17 22:57:49.pdf
634,BULGARIA,,,,,4.0,,,,,FS21,2021-04-01,eoir_adjudication_stats_2021-05-17 22:57:49.pdf
635,BURKINA FASO,,,12.0,,,,,,,FS21,2021-04-01,eoir_adjudication_stats_2021-05-17 22:57:49.pdf
636,BURMA (MYANMAR),,,6.0,,5.0,,,,,FS21,2021-04-01,eoir_adjudication_stats_2021-05-17 22:57:49.pdf
637,BURUNDI,,,,,,,,,,FS21,2021-04-01,eoir_adjudication_stats_2021-05-17 22:57:49.pdf
638,CAMBODIA,4.0,,,,,,,,,FS21,2021-04-01,eoir_adjudication_stats_2021-05-17 22:57:49.pdf
639,CAMEROON,83.0,65%,34.0,27%,11.0,9%,,,128.0,FS21,2021-04-01,eoir_adjudication_stats_2021-05-17 22:57:49.pdf
640,CANADA,,,,,,,,,,FS21,2021-04-01,eoir_adjudication_stats_2021-05-17 22:57:49.pdf
641,CAPE VERDE,,,,,,,,,,FS21,2021-04-01,eoir_adjudication_stats_2021-05-17 22:57:49.pdf
642,CENTRAL AFRICANREPUBLIC,,,,,,,,,,FS21,2021-04-01,eoir_adjudication_stats_2021-05-17 22:57:49.pdf
643,CHAD,,,,,,,,,,FS21,2021-04-01,eoir_adjudication_stats_2021-05-17 22:57:49.pdf
644,CHILE,,,,,,,,,,FS21,2021-04-01,eoir_adjudication_stats_2021-05-17 22:57:49.pdf
645,CHINA,144.0,41%,55.0,16%,151.0,43%,,,350.0,FS21,2021-04-01,eoir_adjudication_stats_2021-05-17 22:57:49.pdf
646,COLOMBIA,34.0,23%,61.0,41%,53.0,36%,,,148.0,FS21,2021-04-01,eoir_adjudication_stats_2021-05-17 22:57:49.pdf
647,CONGO,6.0,,,,,,,,,FS21,2021-04-01,eoir_adjudication_stats_2021-05-17 22:57:49.pdf
648,COSTA RICA,,,,,,,,,,FS21,2021-04-01,eoir_adjudication_stats_2021-05-17 22:57:49.pdf
649,CUBA,60.0,7%,98.0,12%,677.0,81%,,,835.0,FS21,2021-04-01,eoir_adjudication_stats_2021-05-17 22:57:49.pdf
650,CZECH REPUBLIC,,,,,,,,,,FS21,2021-04-01,eoir_adjudication_stats_2021-05-17 22:57:49.pdf
651,CZECHOSLOVAKIA,,,,,,,,,,FS21,2021-04-01,eoir_adjudication_stats_2021-05-17 22:57:49.pdf
652,DEMOCRATICREPUBLIC OF CONGO,8.0,36%,10.0,45%,4.0,18%,,,22.0,FS21,2021-04-01,eoir_adjudication_stats_2021-05-17 22:57:49.pdf
653,DJIBOUTI,,,,,,,,,,FS21,2021-04-01,eoir_adjudication_stats_2021-05-17 22:57:49.pdf
654,DOMINICANREPUBLIC,4.0,6%,33.0,52%,26.0,41%,,,63.0,FS21,2021-04-01,eoir_adjudication_stats_2021-05-17 22:57:49.pdf
655,ECUADOR,10.0,2%,117.0,28%,294.0,70%,,,421.0,FS21,2021-04-01,eoir_adjudication_stats_2021-05-17 22:57:49.pdf
656,EGYPT,19.0,42%,11.0,24%,15.0,33%,,,45.0,FS21,2021-04-01,eoir_adjudication_stats_2021-05-17 22:57:49.pdf
657,EL SALVADOR,499.0,17%,1592.0,53%,906.0,30%,,,2997.0,FS21,2021-04-01,eoir_adjudication_stats_2021-05-17 22:57:49.pdf
658,EQUATORIAL GUINEA,,,,,,,,,,FS21,2021-04-01,eoir_adjudication_stats_2021-05-17 22:57:49.pdf
659,ERITREA,26.0,67%,6.0,15%,7.0,18%,,,39.0,FS21,2021-04-01,eoir_adjudication_stats_2021-05-17 22:57:49.pdf
660,ESTONIA,,,,,,,,,,FS21,2021-04-01,eoir_adjudication_stats_2021-05-17 22:57:49.pdf
661,ETHIOPIA,17.0,47%,9.0,25%,10.0,28%,,,36.0,FS21,2021-04-01,eoir_adjudication_stats_2021-05-17 22:57:49.pdf
662,FEDERATED STATESOF MICRONESIA,,,4.0,,,,,,,FS21,2021-04-01,eoir_adjudication_stats_2021-05-17 22:57:49.pdf
663,FIJI,,,,,,,,,,FS21,2021-04-01,eoir_adjudication_stats_2021-05-17 22:57:49.pdf
664,Former Countries,,,,,7.0,,,,,FS21,2021-04-01,eoir_adjudication_stats_2021-05-17 22:57:49.pdf
665,FRANCE,,,,,,,,,,FS21,2021-04-01,eoir_adjudication_stats_2021-05-17 22:57:49.pdf
666,GABON,,,,,,,,,,FS21,2021-04-01,eoir_adjudication_stats_2021-05-17 22:57:49.pdf
667,GAMBIA,,,8.0,,9.0,,,,,FS21,2021-04-01,eoir_adjudication_stats_2021-05-17 22:57:49.pdf
668,GEORGIA,5.0,,,,,,,,,FS21,2021-04-01,eoir_adjudication_stats_2021-05-17 22:57:49.pdf
669,GERMANY,,,,,,,,,,FS21,2021-04-01,eoir_adjudication_stats_2021-05-17 22:57:49.pdf
670,GHANA,6.0,18%,6.0,18%,22.0,65%,,,34.0,FS21,2021-04-01,eoir_adjudication_stats_2021-05-17 22:57:49.pdf
671,GREECE,,,,,,,,,,FS21,2021-04-01,eoir_adjudication_stats_2021-05-17 22:57:49.pdf
672,GRENADA,,,,,,,,,,FS21,2021-04-01,eoir_adjudication_stats_2021-05-17 22:57:49.pdf
673,GUADELOUPE,,,,,,,,,,FS21,2021-04-01,eoir_adjudication_stats_2021-05-17 22:57:49.pdf
674,GUATEMALA,335.0,11%,1787.0,57%,1028.0,33%,,,3150.0,FS21,2021-04-01,eoir_adjudication_stats_2021-05-17 22:57:49.pdf
675,GUINEA,8.0,32%,8.0,32%,9.0,36%,,,25.0,FS21,2021-04-01,eoir_adjudication_stats_2021-05-17 22:57:49.pdf
676,GUINEA BISSAU,,,,,,,,,,FS21,2021-04-01,eoir_adjudication_stats_2021-05-17 22:57:49.pdf
677,GUYANA,,,4.0,,8.0,,,,,FS21,2021-04-01,eoir_adjudication_stats_2021-05-17 22:57:49.pdf
678,HAITI,16.0,7%,124.0,51%,101.0,42%,,,241.0,FS21,2021-04-01,eoir_adjudication_stats_2021-05-17 22:57:49.pdf
679,HONDURAS,213.0,10%,1223.0,59%,642.0,31%,,,2078.0,FS21,2021-04-01,eoir_adjudication_stats_2021-05-17 22:57:49.pdf
680,HUNGARY,,,,,,,,,,FS21,2021-04-01,eoir_adjudication_stats_2021-05-17 22:57:49.pdf
681,INDIA,186.0,47%,100.0,25%,107.0,27%,,,393.0,FS21,2021-04-01,eoir_adjudication_stats_2021-05-17 22:57:49.pdf
682,INDONESIA,5.0,19%,5.0,19%,17.0,63%,,,27.0,FS21,2021-04-01,eoir_adjudication_stats_2021-05-17 22:57:49.pdf
683,IRAN,15.0,58%,4.0,15%,7.0,27%,,,26.0,FS21,2021-04-01,eoir_adjudication_stats_2021-05-17 22:57:49.pdf
684,IRAQ,23.0,35%,11.0,17%,31.0,48%,,,65.0,FS21,2021-04-01,eoir_adjudication_stats_2021-05-17 22:57:49.pdf
685,ISRAEL,,,,,10.0,,,,,FS21,2021-04-01,eoir_adjudication_stats_2021-05-17 22:57:49.pdf
686,IVORY COAST (COTED'IVOIRE),,,,,6.0,,,,,FS21,2021-04-01,eoir_adjudication_stats_2021-05-17 22:57:49.pdf
687,JAMAICA,,,34.0,,13.0,,,,,FS21,2021-04-01,eoir_adjudication_stats_2021-05-17 22:57:49.pdf
688,JAPAN,,,,,,,,,,FS21,2021-04-01,eoir_adjudication_stats_2021-05-17 22:57:49.pdf
689,JORDAN,,,7.0,,10.0,,,,,FS21,2021-04-01,eoir_adjudication_stats_2021-05-17 22:57:49.pdf
690,KAZAKHSTAN,7.0,,,,5.0,,,,,FS21,2021-04-01,eoir_adjudication_stats_2021-05-17 22:57:49.pdf
691,KENYA,6.0,19%,14.0,45%,11.0,35%,,,31.0,FS21,2021-04-01,eoir_adjudication_stats_2021-05-17 22:57:49.pdf
692,KIRGHIZIA(KYRGYZSTAN),14.0,,5.0,,,,,,,FS21,2021-04-01,eoir_adjudication_stats_2021-05-17 22:57:49.pdf
693,KOSOVO,4.0,,,,,,,,,FS21,2021-04-01,eoir_adjudication_stats_2021-05-17 22:57:49.pdf
694,KUWAIT,,,,,,,,,,FS21,2021-04-01,eoir_adjudication_stats_2021-05-17 22:57:49.pdf
695,LAOS,,,6.0,,5.0,,,,,FS21,2021-04-01,eoir_adjudication_stats_2021-05-17 22:57:49.pdf
696,LATVIA,,,,,,,,,,FS21,2021-04-01,eoir_adjudication_stats_2021-05-17 22:57:49.pdf
697,LEBANON,4.0,,4.0,,,,,,,FS21,2021-04-01,eoir_adjudication_stats_2021-05-17 22:57:49.pdf
698,LIBERIA,,,12.0,,27.0,,,,,FS21,2021-04-01,eoir_adjudication_stats_2021-05-17 22:57:49.pdf
699,LIBYA,,,5.0,,,,,,,FS21,2021-04-01,eoir_adjudication_stats_2021-05-17 22:57:49.pdf
700,LITHUANIA,,,,,,,,,,FS21,2021-04-01,eoir_adjudication_stats_2021-05-17 22:57:49.pdf
701,MACEDONIA,,,,,,,,,,FS21,2021-04-01,eoir_adjudication_stats_2021-05-17 22:57:49.pdf
702,MALAYSIA,,,,,4.0,,,,,FS21,2021-04-01,eoir_adjudication_stats_2021-05-17 22:57:49.pdf
703,MALI,6.0,,,,6.0,,,,,FS21,2021-04-01,eoir_adjudication_stats_2021-05-17 22:57:49.pdf
704,MAURITANIA,,,5.0,,,,,,,FS21,2021-04-01,eoir_adjudication_stats_2021-05-17 22:57:49.pdf
705,MEXICO,121.0,4%,1320.0,39%,1941.0,57%,,,3382.0,FS21,2021-04-01,eoir_adjudication_stats_2021-05-17 22:57:49.pdf
706,MOLDAVIA(MOLDOVA),12.0,,,,5.0,,,,,FS21,2021-04-01,eoir_adjudication_stats_2021-05-17 22:57:49.pdf
707,MONGOLIA,,,,,9.0,,,,,FS21,2021-04-01,eoir_adjudication_stats_2021-05-17 22:57:49.pdf
708,MONTENEGRO,,,,,,,,,,FS21,2021-04-01,eoir_adjudication_stats_2021-05-17 22:57:49.pdf
709,MOROCCO,,,,,,,,,,FS21,2021-04-01,eoir_adjudication_stats_2021-05-17 22:57:49.pdf
710,NEPAL,34.0,50%,13.0,19%,21.0,31%,,,68.0,FS21,2021-04-01,eoir_adjudication_stats_2021-05-17 22:57:49.pdf
711,NICARAGUA,79.0,40%,75.0,38%,46.0,23%,,,200.0,FS21,2021-04-01,eoir_adjudication_stats_2021-05-17 22:57:49.pdf
712,NIGER,,,,,,,,,,FS21,2021-04-01,eoir_adjudication_stats_2021-05-17 22:57:49.pdf
713,NIGERIA,46.0,49%,18.0,19%,30.0,32%,,,94.0,FS21,2021-04-01,eoir_adjudication_stats_2021-05-17 22:57:49.pdf
714,PAKISTAN,23.0,38%,19.0,32%,18.0,30%,,,60.0,FS21,2021-04-01,eoir_adjudication_stats_2021-05-17 22:57:49.pdf
715,PALESTINE,,,,,,,,,,FS21,2021-04-01,eoir_adjudication_stats_2021-05-17 22:57:49.pdf
716,PANAMA,,,,,,,,,,FS21,2021-04-01,eoir_adjudication_stats_2021-05-17 22:57:49.pdf
717,PARAGUAY,,,,,6.0,,,,,FS21,2021-04-01,eoir_adjudication_stats_2021-05-17 22:57:49.pdf
718,PERU,,,30.0,,45.0,,,,,FS21,2021-04-01,eoir_adjudication_stats_2021-05-17 22:57:49.pdf
719,PHILIPPINES,,,7.0,,16.0,,,,,FS21,2021-04-01,eoir_adjudication_stats_2021-05-17 22:57:49.pdf
720,POLAND,,,,,19.0,,,,,FS21,2021-04-01,eoir_adjudication_stats_2021-05-17 22:57:49.pdf
721,ROMANIA,15.0,26%,14.0,24%,29.0,50%,,,58.0,FS21,2021-04-01,eoir_adjudication_stats_2021-05-17 22:57:49.pdf
722,RUSSIA,56.0,63%,16.0,18%,17.0,19%,,,89.0,FS21,2021-04-01,eoir_adjudication_stats_2021-05-17 22:57:49.pdf
723,RWANDA,10.0,,,,,,,,,FS21,2021-04-01,eoir_adjudication_stats_2021-05-17 22:57:49.pdf
724,SAMOA,,,,,,,,,,FS21,2021-04-01,eoir_adjudication_stats_2021-05-17 22:57:49.pdf
725,SAUDI ARABIA,4.0,,,,6.0,,,,,FS21,2021-04-01,eoir_adjudication_stats_2021-05-17 22:57:49.pdf
726,SENEGAL,5.0,,,,,,,,,FS21,2021-04-01,eoir_adjudication_stats_2021-05-17 22:57:49.pdf
727,URUGUAY,,,,,,,,,,FS21,2021-04-01,eoir_adjudication_stats_2021-05-17 22:57:49.pdf
728,UZEBEKISTAN,11.0,,4.0,,,,,,,FS21,2021-04-01,eoir_adjudication_stats_2021-05-17 22:57:49.pdf
729,VENEZUELA,224.0,54%,105.0,25%,83.0,20%,,,412.0,FS21,2021-04-01,eoir_adjudication_stats_2021-05-17 22:57:49.pdf
730,VIETNAM,28.0,60%,12.0,26%,7.0,15%,,,47.0,FS21,2021-04-01,eoir_adjudication_stats_2021-05-17 22:57:49.pdf
731,YEMEN,7.0,41%,6.0,35%,4.0,24%,,,17.0,FS21,2021-04-01,eoir_adjudication_stats_2021-05-17 22:57:49.pdf
732,ZAMBIA,,,,,,,,,,FS21,2021-04-01,eoir_adjudication_stats_2021-05-17 22:57:49.pdf
733,ZIMBABWE,,,,,5.0,,,,,FS21,2021-04-01,eoir_adjudication_stats_2021-05-17 22:57:49.pdf
734,AFGHANISTAN,,,9.0,,4.0,,,,,FS21,2021-07-01,eoir_adjudication_stats_2021-09-28 21:11:24.pdf
735,ALBANIA,,,4.0,,13.0,,,,,FS21,2021-07-01,eoir_adjudication_stats_2021-09-28 21:11:24.pdf
736,ALGERIA,,,,,,,,,,FS21,2021-07-01,eoir_adjudication_stats_2021-09-28 21:11:24.pdf
737,ANGOLA,6.0,15%,30.0,73%,5.0,12%,,,41.0,FS21,2021-07-01,eoir_adjudication_stats_2021-09-28 21:11:24.pdf
738,ANTIGUA ANDBARBUDA,,,,,,,,,,FS21,2021-07-01,eoir_adjudication_stats_2021-09-28 21:11:24.pdf
739,ARGENTINA,,,,,,,,,,FS21,2021-07-01,eoir_adjudication_stats_2021-09-28 21:11:24.pdf
740,ARMENIA,26.0,38%,11.0,16%,32.0,46%,,,69.0,FS21,2021-07-01,eoir_adjudication_stats_2021-09-28 21:11:24.pdf
741,AUSTRALIA,,,,,,,,,,FS21,2021-07-01,eoir_adjudication_stats_2021-09-28 21:11:24.pdf
742,AZERBAIJAN,13.0,62%,4.0,19%,4.0,19%,,,21.0,FS21,2021-07-01,eoir_adjudication_stats_2021-09-28 21:11:24.pdf
743,BAHAMAS,,,,,,,,,,FS21,2021-07-01,eoir_adjudication_stats_2021-09-28 21:11:24.pdf
744,BAHRAIN,,,,,,,,,,FS21,2021-07-01,eoir_adjudication_stats_2021-09-28 21:11:24.pdf
745,BANGLADESH,23.0,27%,32.0,38%,30.0,35%,,,85.0,FS21,2021-07-01,eoir_adjudication_stats_2021-09-28 21:11:24.pdf
746,BARBADOS,,,5.0,,,,,,,FS21,2021-07-01,eoir_adjudication_stats_2021-09-28 21:11:24.pdf
747,BELARUS,17.0,50%,6.0,18%,11.0,32%,,,34.0,FS21,2021-07-01,eoir_adjudication_stats_2021-09-28 21:11:24.pdf
748,BELIZE,,,,,10.0,,,,,FS21,2021-07-01,eoir_adjudication_stats_2021-09-28 21:11:24.pdf
749,BENIN,,,6.0,,,,,,,FS21,2021-07-01,eoir_adjudication_stats_2021-09-28 21:11:24.pdf
750,BHUTAN,,,5.0,,,,,,,FS21,2021-07-01,eoir_adjudication_stats_2021-09-28 21:11:24.pdf
751,BOLIVIA,,,4.0,,9.0,,,,,FS21,2021-07-01,eoir_adjudication_stats_2021-09-28 21:11:24.pdf
752,BOSNIA-HERZEGOVINA,,,6.0,,,,,,,FS21,2021-07-01,eoir_adjudication_stats_2021-09-28 21:11:24.pdf
753,BRAZIL,26.0,7%,176.0,48%,167.0,45%,,,369.0,FS21,2021-07-01,eoir_adjudication_stats_2021-09-28 21:11:24.pdf
754,BULGARIA,,,,,5.0,,,,,FS21,2021-07-01,eoir_adjudication_stats_2021-09-28 21:11:24.pdf
755,BURKINA FASO,5.0,23%,13.0,59%,4.0,18%,,,22.0,FS21,2021-07-01,eoir_adjudication_stats_2021-09-28 21:11:24.pdf
756,BURMA (MYANMAR),6.0,20%,14.0,47%,10.0,33%,,,30.0,FS21,2021-07-01,eoir_adjudication_stats_2021-09-28 21:11:24.pdf
757,BURUNDI,5.0,,,,9.0,,,,,FS21,2021-07-01,eoir_adjudication_stats_2021-09-28 21:11:24.pdf
758,CAMBODIA,4.0,,,,5.0,,,,,FS21,2021-07-01,eoir_adjudication_stats_2021-09-28 21:11:24.pdf
759,CAMEROON,110.0,63%,39.0,22%,25.0,14%,,,174.0,FS21,2021-07-01,eoir_adjudication_stats_2021-09-28 21:11:24.pdf
760,CANADA,,,,,,,,,,FS21,2021-07-01,eoir_adjudication_stats_2021-09-28 21:11:24.pdf
761,CAPE VERDE,,,,,,,,,,FS21,2021-07-01,eoir_adjudication_stats_2021-09-28 21:11:24.pdf
762,CENTRAL AFRICANREPUBLIC,,,,,,,,,,FS21,2021-07-01,eoir_adjudication_stats_2021-09-28 21:11:24.pdf
763,CHAD,,,,,,,,,,FS21,2021-07-01,eoir_adjudication_stats_2021-09-28 21:11:24.pdf
764,CHILE,,,,,5.0,,,,,FS21,2021-07-01,eoir_adjudication_stats_2021-09-28 21:11:24.pdf
765,CHINA,249.0,37%,93.0,14%,323.0,49%,,,665.0,FS21,2021-07-01,eoir_adjudication_stats_2021-09-28 21:11:24.pdf
766,COLOMBIA,40.0,18%,93.0,42%,89.0,40%,,,222.0,FS21,2021-07-01,eoir_adjudication_stats_2021-09-28 21:11:24.pdf
767,CONGO,11.0,,,,6.0,,,,,FS21,2021-07-01,eoir_adjudication_stats_2021-09-28 21:11:24.pdf
768,COSTA RICA,,,,,9.0,,,,,FS21,2021-07-01,eoir_adjudication_stats_2021-09-28 21:11:24.pdf
769,CUBA,76.0,6%,152.0,12%,1029.0,82%,,,1257.0,FS21,2021-07-01,eoir_adjudication_stats_2021-09-28 21:11:24.pdf
770,CZECH REPUBLIC,,,,,,,,,,FS21,2021-07-01,eoir_adjudication_stats_2021-09-28 21:11:24.pdf
771,CZECHOSLOVAKIA,,,,,,,,,,FS21,2021-07-01,eoir_adjudication_stats_2021-09-28 21:11:24.pdf
772,DEMOCRATICREPUBLIC OF CONGO,12.0,40%,12.0,40%,6.0,20%,,,30.0,FS21,2021-07-01,eoir_adjudication_stats_2021-09-28 21:11:24.pdf
773,DJIBOUTI,,,,,,,,,,FS21,2021-07-01,eoir_adjudication_stats_2021-09-28 21:11:24.pdf
774,DOMINICANREPUBLIC,4.0,4%,59.0,60%,35.0,36%,,,98.0,FS21,2021-07-01,eoir_adjudication_stats_2021-09-28 21:11:24.pdf
775,ECUADOR,22.0,4%,163.0,27%,418.0,69%,,,603.0,FS21,2021-07-01,eoir_adjudication_stats_2021-09-28 21:11:24.pdf
776,EGYPT,36.0,45%,14.0,18%,30.0,38%,,,80.0,FS21,2021-07-01,eoir_adjudication_stats_2021-09-28 21:11:24.pdf
777,EL SALVADOR,763.0,15%,2319.0,46%,1909.0,38%,,,4991.0,FS21,2021-07-01,eoir_adjudication_stats_2021-09-28 21:11:24.pdf
778,EQUATORIAL GUINEA,,,,,,,,,,FS21,2021-07-01,eoir_adjudication_stats_2021-09-28 21:11:24.pdf
779,ERITREA,39.0,68%,8.0,14%,10.0,18%,,,57.0,FS21,2021-07-01,eoir_adjudication_stats_2021-09-28 21:11:24.pdf
780,ESTONIA,,,,,,,,,,FS21,2021-07-01,eoir_adjudication_stats_2021-09-28 21:11:24.pdf
781,ETHIOPIA,36.0,52%,12.0,17%,21.0,30%,,,69.0,FS21,2021-07-01,eoir_adjudication_stats_2021-09-28 21:11:24.pdf
782,FEDERATED STATESOF MICRONESIA,,,5.0,,,,,,,FS21,2021-07-01,eoir_adjudication_stats_2021-09-28 21:11:24.pdf
783,FIJI,,,,,,,,,,FS21,2021-07-01,eoir_adjudication_stats_2021-09-28 21:11:24.pdf
784,Former Countries,,,4.0,,13.0,,,,,FS21,2021-07-01,eoir_adjudication_stats_2021-09-28 21:11:24.pdf
785,FRANCE,,,,,,,,,,FS21,2021-07-01,eoir_adjudication_stats_2021-09-28 21:11:24.pdf
786,GABON,,,,,,,,,,FS21,2021-07-01,eoir_adjudication_stats_2021-09-28 21:11:24.pdf
787,GAMBIA,4.0,15%,9.0,35%,13.0,50%,,,26.0,FS21,2021-07-01,eoir_adjudication_stats_2021-09-28 21:11:24.pdf
788,GEORGIA,11.0,,,,,,,,,FS21,2021-07-01,eoir_adjudication_stats_2021-09-28 21:11:24.pdf
789,GERMANY,,,,,,,,,,FS21,2021-07-01,eoir_adjudication_stats_2021-09-28 21:11:24.pdf
790,GHANA,9.0,16%,8.0,15%,38.0,69%,,,55.0,FS21,2021-07-01,eoir_adjudication_stats_2021-09-28 21:11:24.pdf
791,GREECE,,,,,,,,,,FS21,2021-07-01,eoir_adjudication_stats_2021-09-28 21:11:24.pdf
792,GRENADA,,,,,,,,,,FS21,2021-07-01,eoir_adjudication_stats_2021-09-28 21:11:24.pdf
793,GUADELOUPE,,,,,,,,,,FS21,2021-07-01,eoir_adjudication_stats_2021-09-28 21:11:24.pdf
794,GUATEMALA,554.0,11%,2595.0,49%,2106.0,40%,,,5255.0,FS21,2021-07-01,eoir_adjudication_stats_2021-09-28 21:11:24.pdf
795,GUINEA,10.0,29%,10.0,29%,14.0,41%,,,34.0,FS21,2021-07-01,eoir_adjudication_stats_2021-09-28 21:11:24.pdf
796,GUINEA BISSAU,,,,,,,,,,FS21,2021-07-01,eoir_adjudication_stats_2021-09-28 21:11:24.pdf
797,GUYANA,,,4.0,,11.0,,,,,FS21,2021-07-01,eoir_adjudication_stats_2021-09-28 21:11:24.pdf
798,HAITI,21.0,5%,178.0,47%,183.0,48%,,,382.0,FS21,2021-07-01,eoir_adjudication_stats_2021-09-28 21:11:24.pdf
799,HONDURAS,341.0,10%,1778.0,53%,1232.0,37%,,,3351.0,FS21,2021-07-01,eoir_adjudication_stats_2021-09-28 21:11:24.pdf
800,HONG KONG,,,,,,,,,,FS21,2021-07-01,eoir_adjudication_stats_2021-09-28 21:11:24.pdf
801,HUNGARY,,,,,,,,,,FS21,2021-07-01,eoir_adjudication_stats_2021-09-28 21:11:24.pdf
802,INDIA,308.0,49%,148.0,23%,174.0,28%,,,630.0,FS21,2021-07-01,eoir_adjudication_stats_2021-09-28 21:11:24.pdf
803,INDONESIA,8.0,20%,6.0,15%,26.0,65%,,,40.0,FS21,2021-07-01,eoir_adjudication_stats_2021-09-28 21:11:24.pdf
804,IRAN,24.0,45%,7.0,13%,22.0,42%,,,53.0,FS21,2021-07-01,eoir_adjudication_stats_2021-09-28 21:11:24.pdf
805,IRAQ,48.0,45%,18.0,17%,40.0,38%,,,106.0,FS21,2021-07-01,eoir_adjudication_stats_2021-09-28 21:11:24.pdf
806,IRELAND,,,,,,,,,,FS21,2021-07-01,eoir_adjudication_stats_2021-09-28 21:11:24.pdf
807,ISRAEL,,,4.0,,14.0,,,,,FS21,2021-07-01,eoir_adjudication_stats_2021-09-28 21:11:24.pdf
808,ITALY,,,,,,,,,,FS21,2021-07-01,eoir_adjudication_stats_2021-09-28 21:11:24.pdf
809,IVORY COAST (COTED'IVOIRE),4.0,,,,8.0,,,,,FS21,2021-07-01,eoir_adjudication_stats_2021-09-28 21:11:24.pdf
810,JAMAICA,,,52.0,,28.0,,,,,FS21,2021-07-01,eoir_adjudication_stats_2021-09-28 21:11:24.pdf
811,JAPAN,,,,,,,,,,FS21,2021-07-01,eoir_adjudication_stats_2021-09-28 21:11:24.pdf
812,JORDAN,6.0,18%,11.0,33%,16.0,48%,,,33.0,FS21,2021-07-01,eoir_adjudication_stats_2021-09-28 21:11:24.pdf
813,KAZAKHSTAN,14.0,54%,5.0,19%,7.0,27%,,,26.0,FS21,2021-07-01,eoir_adjudication_stats_2021-09-28 21:11:24.pdf
814,KENYA,8.0,16%,17.0,33%,26.0,51%,,,51.0,FS21,2021-07-01,eoir_adjudication_stats_2021-09-28 21:11:24.pdf
815,KIRGHIZIA(KYRGYZSTAN),18.0,45%,8.0,20%,14.0,35%,,,40.0,FS21,2021-07-01,eoir_adjudication_stats_2021-09-28 21:11:24.pdf
816,KOSOVO,8.0,,6.0,,,,,,,FS21,2021-07-01,eoir_adjudication_stats_2021-09-28 21:11:24.pdf
817,KUWAIT,,,,,,,,,,FS21,2021-07-01,eoir_adjudication_stats_2021-09-28 21:11:24.pdf
818,LAOS,,,7.0,,9.0,,,,,FS21,2021-07-01,eoir_adjudication_stats_2021-09-28 21:11:24.pdf
819,LATVIA,,,,,,,,,,FS21,2021-07-01,eoir_adjudication_stats_2021-09-28 21:11:24.pdf
820,LEBANON,5.0,28%,6.0,33%,7.0,39%,,,18.0,FS21,2021-07-01,eoir_adjudication_stats_2021-09-28 21:11:24.pdf
821,LIBERIA,5.0,8%,18.0,27%,43.0,65%,,,66.0,FS21,2021-07-01,eoir_adjudication_stats_2021-09-28 21:11:24.pdf
822,LIBYA,,,5.0,,,,,,,FS21,2021-07-01,eoir_adjudication_stats_2021-09-28 21:11:24.pdf
823,LITHUANIA,,,,,,,,,,FS21,2021-07-01,eoir_adjudication_stats_2021-09-28 21:11:24.pdf
824,MACEDONIA,,,,,,,,,,FS21,2021-07-01,eoir_adjudication_stats_2021-09-28 21:11:24.pdf
825,MALAYSIA,,,,,4.0,,,,,FS21,2021-07-01,eoir_adjudication_stats_2021-09-28 21:11:24.pdf
826,MALI,7.0,,,,11.0,,,,,FS21,2021-07-01,eoir_adjudication_stats_2021-09-28 21:11:24.pdf
827,MAURITANIA,4.0,27%,6.0,40%,5.0,33%,,,15.0,FS21,2021-07-01,eoir_adjudication_stats_2021-09-28 21:11:24.pdf
828,MEXICO,256.0,5%,1874.0,39%,2638.0,55%,,,4768.0,FS21,2021-07-01,eoir_adjudication_stats_2021-09-28 21:11:24.pdf
829,MOLDAVIA(MOLDOVA),21.0,51%,4.0,10%,16.0,39%,,,41.0,FS21,2021-07-01,eoir_adjudication_stats_2021-09-28 21:11:24.pdf
830,MONGOLIA,5.0,,,,13.0,,,,,FS21,2021-07-01,eoir_adjudication_stats_2021-09-28 21:11:24.pdf
831,MONTENEGRO,,,,,,,,,,FS21,2021-07-01,eoir_adjudication_stats_2021-09-28 21:11:24.pdf
832,MOROCCO,,,,,,,,,,FS21,2021-07-01,eoir_adjudication_stats_2021-09-28 21:11:24.pdf
833,NEPAL,52.0,51%,16.0,16%,33.0,33%,,,101.0,FS21,2021-07-01,eoir_adjudication_stats_2021-09-28 21:11:24.pdf
834,NICARAGUA,102.0,31%,145.0,44%,82.0,25%,,,329.0,FS21,2021-07-01,eoir_adjudication_stats_2021-09-28 21:11:24.pdf
835,NIGER,,,,,,,,,,FS21,2021-07-01,eoir_adjudication_stats_2021-09-28 21:11:24.pdf
836,NIGERIA,79.0,50%,32.0,20%,48.0,30%,,,159.0,FS21,2021-07-01,eoir_adjudication_stats_2021-09-28 21:11:24.pdf
837,PAKISTAN,37.0,38%,30.0,31%,30.0,31%,,,97.0,FS21,2021-07-01,eoir_adjudication_stats_2021-09-28 21:11:24.pdf
838,PALESTINE,,,,,,,,,,FS21,2021-07-01,eoir_adjudication_stats_2021-09-28 21:11:24.pdf
839,PANAMA,,,,,4.0,,,,,FS21,2021-07-01,eoir_adjudication_stats_2021-09-28 21:11:24.pdf
840,PARAGUAY,,,,,6.0,,,,,FS21,2021-07-01,eoir_adjudication_stats_2021-09-28 21:11:24.pdf
841,PERU,8.0,7%,46.0,39%,63.0,54%,,,117.0,FS21,2021-07-01,eoir_adjudication_stats_2021-09-28 21:11:24.pdf
842,PHILIPPINES,,,10.0,,33.0,,,,,FS21,2021-07-01,eoir_adjudication_stats_2021-09-28 21:11:24.pdf
843,POLAND,,,,,23.0,,,,,FS21,2021-07-01,eoir_adjudication_stats_2021-09-28 21:11:24.pdf
844,ROMANIA,24.0,27%,25.0,28%,41.0,46%,,,90.0,FS21,2021-07-01,eoir_adjudication_stats_2021-09-28 21:11:24.pdf
845,RUSSIA,93.0,60%,19.0,12%,42.0,27%,,,154.0,FS21,2021-07-01,eoir_adjudication_stats_2021-09-28 21:11:24.pdf
846,RWANDA,17.0,53%,11.0,34%,4.0,13%,,,32.0,FS21,2021-07-01,eoir_adjudication_stats_2021-09-28 21:11:24.pdf
847,URUGUAY,,,,,,,,,,FS21,2021-07-01,eoir_adjudication_stats_2021-09-28 21:11:24.pdf
848,UZEBEKISTAN,18.0,46%,5.0,13%,16.0,41%,,,39.0,FS21,2021-07-01,eoir_adjudication_stats_2021-09-28 21:11:24.pdf
849,VENEZUELA,319.0,51%,150.0,24%,160.0,25%,,,629.0,FS21,2021-07-01,eoir_adjudication_stats_2021-09-28 21:11:24.pdf
850,VIETNAM,37.0,61%,15.0,25%,9.0,15%,,,61.0,FS21,2021-07-01,eoir_adjudication_stats_2021-09-28 21:11:24.pdf
851,YEMEN,7.0,29%,10.0,42%,7.0,29%,,,24.0,FS21,2021-07-01,eoir_adjudication_stats_2021-09-28 21:11:24.pdf
852,ZAMBIA,,,,,,,,,,FS21,2021-07-01,eoir_adjudication_stats_2021-09-28 21:11:24.pdf
853,ZIMBABWE,,,,,10.0,,,,,FS21,2021-07-01,eoir_adjudication_stats_2021-09-28 21:11:24.pdf
854,VENEZUELA,319.0,51%,150.0,24%,160.0,25%,,,629.0,FS21,2021-07-01,eoir_adjudication_stats_2021-09-28 21:11:24.pdf
855,VIETNAM,37.0,61%,15.0,25%,9.0,15%,,,61.0,FS21,2021-07-01,eoir_adjudication_stats_2021-09-28 21:11:24.pdf
856,YEMEN,7.0,29%,10.0,42%,7.0,29%,,,24.0,FS21,2021-07-01,eoir_adjudication_stats_2021-09-28 21:11:24.pdf
857,ZAMBIA,,,,,,,,,,FS21,2021-07-01,eoir_adjudication_stats_2021-09-28 21:11:24.pdf
858,ZIMBABWE,,,,,10.0,,,,,FS21,2021-07-01,eoir_adjudication_stats_2021-09-28 21:11:24.pdf
